home, result, margin, ballRemaining, toss, bat, away, ground, date
New Zealand,won,181 runs,,won,1st,East Africa,Birmingham,7 Jun 1975
Australia,won,73 runs,,won,1st,Pakistan,Leeds,7 Jun 1975
West Indies,won,9 wickets,236,won,2nd,Sri Lanka,Manchester,7 Jun 1975
India,won,10 wickets,181,lost,2nd,East Africa,Leeds,11 Jun 1975
Australia,won,52 runs,,lost,1st,Sri Lanka,The Oval,11 Jun 1975
West Indies,won,1 wickets,2,lost,2nd,Pakistan,Birmingham,11 Jun 1975
New Zealand,won,4 wickets,7,lost,2nd,India,Manchester,14 Jun 1975
West Indies,won,7 wickets,84,won,2nd,Australia,The Oval,14 Jun 1975
Pakistan,won,192 runs,,lost,1st,Sri Lanka,Nottingham,14 Jun 1975
West Indies,won,5 wickets,119,won,2nd,New Zealand,The Oval,18 Jun 1975
West Indies,won,17 runs,,lost,1st,Australia,Lord's,21 Jun 1975
West Indies,won,9 wickets,51,won,2nd,India,Birmingham,9 Jun 1979
New Zealand,won,9 wickets,74,won,2nd,Sri Lanka,Nottingham,9 Jun 1979
Pakistan,won,8 wickets,119,lost,2nd,Canada,Leeds,9 Jun 1979
New Zealand,won,8 wickets,18,won,2nd,India,Leeds,13 Jun 1979
Pakistan,won,89 runs,,lost,1st,Australia,Nottingham,13 Jun 1979
Sri Lanka,won,47 runs,,lost,1st,India,Manchester,16 Jun 1979
West Indies,won,32 runs,,lost,1st,New Zealand,Nottingham,16 Jun 1979
Australia,won,7 wickets,204,won,2nd,Canada,Birmingham,16 Jun 1979
West Indies,won,43 runs,,lost,1st,Pakistan,The Oval,20 Jun 1979
England,won,2 runs,,lost,1st,West Indies,Sydney,28 Nov 1979
West Indies,won,9 wickets,19,won,2nd,England,Brisbane,23 Dec 1979
West Indies,won,107 runs,,lost,1st,England,Adelaide,16 Jan 1980
West Indies,won,2 runs,,lost,1st,England,Melbourne,20 Jan 1980
West Indies,won,8 wickets,15,lost,2nd,England,Sydney,22 Jan 1980
India,won,5 runs,,won,1st,New Zealand,Perth,9 Dec 1980
New Zealand,won,3 wickets,2,lost,2nd,India,Brisbane,21 Dec 1980
India,won,6 runs,,won,1st,New Zealand,Adelaide,23 Dec 1980
New Zealand,won,10 wickets,30,won,2nd,India,Melbourne,10 Jan 1981
New Zealand,won,22 runs,,lost,1st,India,Brisbane,18 Jan 1981
West Indies,won,18 runs,,lost,1st,Pakistan,Melbourne,21 Nov 1981
Pakistan,won,8 runs,,lost,1st,West Indies,Adelaide,5 Dec 1981
West Indies,won,7 wickets,46,lost,2nd,Pakistan,Perth,19 Dec 1981
West Indies,won,7 wickets,47,lost,2nd,Pakistan,Sydney,12 Jan 1982
West Indies,won,1 wickets,7,won,2nd,Pakistan,Brisbane,16 Jan 1982
New Zealand,won,2 runs,,lost,1st,England,Melbourne,13 Jan 1983
England,won,54 runs,,lost,1st,New Zealand,Brisbane,15 Jan 1983
England,won,8 wickets,44,lost,2nd,New Zealand,Sydney,20 Jan 1983
New Zealand,won,4 wickets,7,lost,2nd,England,Adelaide,29 Jan 1983
New Zealand,won,7 wickets,15,won,2nd,England,Perth,5 Feb 1983
Pakistan,won,50 runs,,lost,1st,Sri Lanka,Swansea,9 Jun 1983
Zimbabwe,won,13 runs,,lost,1st,Australia,Nottingham,9 Jun 1983
India,won,34 runs,,lost,1st,West Indies,Manchester,9 Jun 1983
New Zealand,won,52 runs,,lost,1st,Pakistan,Birmingham,11 Jun 1983
West Indies,won,101 runs,,lost,1st,Australia,Leeds,11 Jun 1983
India,won,5 wickets,135,won,2nd,Zimbabwe,Leicester,11 Jun 1983
New Zealand,won,5 wickets,124,won,2nd,Sri Lanka,Bristol,13 Jun 1983
Australia,won,162 runs,,won,1st,India,Nottingham,13 Jun 1983
West Indies,won,8 wickets,69,won,2nd,Zimbabwe,Worcester,13 Jun 1983
West Indies,won,66 runs,,won,1st,India,The Oval,15 Jun 1983
Pakistan,won,11 runs,,lost,1st,Sri Lanka,Leeds,16 Jun 1983
Australia,won,32 runs,,won,1st,Zimbabwe,Southampton,16 Jun 1983
Sri Lanka,won,3 wickets,43,won,2nd,New Zealand,Derby,18 Jun 1983
West Indies,won,7 wickets,13,lost,2nd,Australia,Lord's,18 Jun 1983
India,won,31 runs,,won,1st,Zimbabwe,Tunbridge Wells,18 Jun 1983
Pakistan,won,11 runs,,won,1st,New Zealand,Nottingham,20 Jun 1983
India,won,118 runs,,won,1st,Australia,Chelmsford,20 Jun 1983
West Indies,won,10 wickets,89,lost,2nd,Zimbabwe,Birmingham,20 Jun 1983
West Indies,won,8 wickets,68,won,2nd,Pakistan,The Oval,22 Jun 1983
India,won,43 runs,,lost,1st,West Indies,Lord's,25 Jun 1983
Pakistan,won,97 runs,,won,1st,West Indies,Melbourne,12 Jan 1984
West Indies,won,5 wickets,58,lost,2nd,Pakistan,Brisbane,14 Jan 1984
West Indies,won,5 wickets,9,lost,2nd,Pakistan,Sydney,19 Jan 1984
West Indies,won,1 wickets,5,lost,2nd,Pakistan,Adelaide,28 Jan 1984
West Indies,won,7 wickets,30,lost,2nd,Pakistan,Perth,4 Feb 1984
Sri Lanka,won,5 wickets,15,won,2nd,Pakistan,Sharjah,6 Apr 1984
India,won,10 wickets,170,won,2nd,Sri Lanka,Sharjah,8 Apr 1984
India,won,54 runs,,won,1st,Pakistan,Sharjah,13 Apr 1984
West Indies,won,8 wickets,56,won,2nd,Sri Lanka,Hobart,10 Jan 1985
West Indies,won,90 runs,,lost,1st,Sri Lanka,Brisbane,12 Jan 1985
West Indies,won,65 runs,,won,1st,Sri Lanka,Sydney,17 Jan 1985
West Indies,won,8 wickets,76,won,2nd,Sri Lanka,Adelaide,26 Jan 1985
West Indies,won,82 runs,,lost,1st,Sri Lanka,Perth,2 Feb 1985
India,won,6 wickets,25,lost,2nd,Pakistan,Melbourne,20 Feb 1985
New Zealand,won,51 runs,,lost,1st,Sri Lanka,Melbourne,23 Feb 1985
India,won,86 runs,,lost,1st,England,Sydney,26 Feb 1985
West Indies,won,8 wickets,143,lost,2nd,Sri Lanka,Melbourne,27 Feb 1985
Pakistan,won,67 runs,,won,1st,England,Melbourne,2 Mar 1985
India,won,7 wickets,39,won,2nd,New Zealand,Sydney,5 Mar 1985
Pakistan,won,7 wickets,24,lost,2nd,West Indies,Melbourne,6 Mar 1985
West Indies,won,6 wickets,76,won,2nd,New Zealand,Sydney,9 Mar 1985
India,won,8 wickets,17,lost,2nd,Pakistan,Melbourne,10 Mar 1985
India,won,38 runs,,lost,1st,Pakistan,Sharjah,22 Mar 1985
Australia,won,2 wickets,0,won,2nd,England,Sharjah,24 Mar 1985
Pakistan,won,43 runs,,lost,1st,England,Sharjah,26 Mar 1985
India,won,3 wickets,64,won,2nd,Australia,Sharjah,29 Mar 1985
West Indies,won,7 wickets,5,lost,2nd,Pakistan,Sharjah,15 Nov 1985
Pakistan,won,48 runs,,lost,1st,India,Sharjah,17 Nov 1985
West Indies,won,8 wickets,21,lost,2nd,India,Sharjah,22 Nov 1985
India,won,5 wickets,12,won,2nd,New Zealand,Brisbane,11 Jan 1986
New Zealand,won,3 wickets,59,won,2nd,India,Perth,18 Jan 1986
New Zealand,won,5 wickets,1,won,2nd,India,Melbourne,23 Jan 1986
India,won,5 wickets,24,won,2nd,New Zealand,Adelaide,25 Jan 1986
India,won,22 runs,,lost,1st,New Zealand,Launceston,2 Feb 1986
Pakistan,won,7 wickets,77,won,2nd,Bangladesh,Moratuwa,31 Mar 1986
Pakistan,won,4 wickets,8,won,2nd,New Zealand,Colombo (SSC),7 Apr 1986
India,won,3 wickets,14,won,2nd,New Zealand,Sharjah,10 Apr 1986
Pakistan,won,8 wickets,5,lost,2nd,Australia,Sharjah,11 Apr 1986
India,won,3 wickets,5,won,2nd,Sri Lanka,Sharjah,13 Apr 1986
Pakistan,won,10 wickets,164,won,2nd,New Zealand,Sharjah,15 Apr 1986
Pakistan,won,1 wickets,0,won,2nd,India,Sharjah,18 Apr 1986
India,won,7 wickets,21,won,2nd,Sri Lanka,Sharjah,27 Nov 1986
West Indies,won,9 wickets,70,lost,2nd,Pakistan,Sharjah,28 Nov 1986
West Indies,won,33 runs,,lost,1st,India,Sharjah,30 Nov 1986
Pakistan,won,4 wickets,6,won,2nd,Sri Lanka,Sharjah,2 Dec 1986
West Indies,won,193 runs,,lost,1st,Sri Lanka,Sharjah,3 Dec 1986
Pakistan,won,3 wickets,9,won,2nd,India,Sharjah,5 Dec 1986
Pakistan,won,34 runs,,lost,1st,West Indies,Perth,30 Dec 1986
England,won,19 runs,,lost,1st,West Indies,Perth,3 Jan 1987
England,won,3 wickets,2,lost,2nd,Pakistan,Perth,5 Jan 1987
England,won,5 wickets,59,won,2nd,Pakistan,Perth,7 Jan 1987
England,won,6 wickets,41,won,2nd,West Indies,Brisbane,17 Jan 1987
England,won,89 runs,,lost,1st,West Indies,Adelaide,24 Jan 1987
West Indies,won,6 wickets,9,lost,2nd,England,Melbourne,30 Jan 1987
England,won,29 runs,,lost,1st,West Indies,Devonport,3 Feb 1987
India,won,3 wickets,7,won,2nd,England,Sharjah,2 Apr 1987
Pakistan,won,6 wickets,20,won,2nd,Australia,Sharjah,3 Apr 1987
India,won,7 wickets,48,won,2nd,Australia,Sharjah,5 Apr 1987
England,won,5 wickets,16,won,2nd,Pakistan,Sharjah,7 Apr 1987
England,won,11 runs,,lost,1st,Australia,Sharjah,9 Apr 1987
Pakistan,won,8 wickets,50,won,2nd,India,Sharjah,10 Apr 1987
England,won,2 wickets,3,won,2nd,West Indies,Gujranwala,9 Oct 1987
New Zealand,won,3 runs,,lost,1st,Zimbabwe,Hyderabad (Deccan),10 Oct 1987
Australia,won,96 runs,,lost,1st,Zimbabwe,Chennai,13 Oct 1987
West Indies,won,191 runs,,lost,1st,Sri Lanka,Karachi,13 Oct 1987
England,won,108 runs,,won,1st,Sri Lanka,Peshawar,17 Oct 1987
Australia,won,3 runs,,lost,1st,New Zealand,Indore,18 Oct 1987
West Indies,won,25 runs,,lost,1st,Sri Lanka,Kanpur,21 Oct 1987
New Zealand,won,4 wickets,14,won,2nd,Zimbabwe,Kolkata,23 Oct 1987
England,won,34 runs,,lost,1st,West Indies,Jaipur,26 Oct 1987
Australia,won,17 runs,,won,1st,New Zealand,Chandigarh,27 Oct 1987
Australia,won,70 runs,,lost,1st,Zimbabwe,Cuttack,30 Oct 1987
England,won,8 wickets,52,lost,2nd,Sri Lanka,Pune,30 Oct 1987
Australia,won,7 runs,,won,1st,England,Kolkata,8 Nov 1987
New Zealand,won,6 wickets,8,lost,2nd,Sri Lanka,Sydney,5 Jan 1988
New Zealand,won,4 wickets,1,lost,2nd,Sri Lanka,Adelaide,9 Jan 1988
Sri Lanka,won,4 wickets,21,won,2nd,New Zealand,Hobart,12 Jan 1988
New Zealand,won,4 wickets,11,won,2nd,Sri Lanka,Brisbane,16 Jan 1988
India,won,18 runs,,lost,1st,Sri Lanka,Sharjah,25 Mar 1988
India,won,73 runs,,lost,1st,New Zealand,Sharjah,27 Mar 1988
New Zealand,won,99 runs,,lost,1st,Sri Lanka,Sharjah,29 Mar 1988
New Zealand,won,43 runs,,won,1st,Sri Lanka,Sharjah,31 Mar 1988
India,won,52 runs,,won,1st,New Zealand,Sharjah,1 Apr 1988
India,won,23 runs,,lost,1st,West Indies,Sharjah,16 Oct 1988
Pakistan,won,84 runs,,lost,1st,West Indies,Sharjah,18 Oct 1988
Pakistan,won,34 runs,,lost,1st,India,Sharjah,19 Oct 1988
West Indies,won,8 wickets,60,lost,2nd,India,Sharjah,21 Oct 1988
West Indies,won,11 runs,,lost,1st,Pakistan,Sharjah,22 Oct 1988
Sri Lanka,won,5 wickets,31,won,2nd,Pakistan,Dhaka,27 Oct 1988
Sri Lanka,won,17 runs,,lost,1st,India,Dhaka,29 Oct 1988
India,won,4 wickets,26,won,2nd,Pakistan,Dhaka,31 Oct 1988
India,won,6 wickets,47,won,2nd,Sri Lanka,Dhaka,4 Nov 1988
West Indies,won,89 runs,,lost,1st,Pakistan,Adelaide,10 Dec 1988
West Indies,won,17 runs,,lost,1st,Pakistan,Hobart,17 Dec 1988
West Indies,won,7 wickets,70,won,2nd,Pakistan,Perth,1 Jan 1989
Pakistan,won,55 runs,,lost,1st,West Indies,Brisbane,7 Jan 1989
Pakistan,won,30 runs,,lost,1st,Sri Lanka,Sharjah,23 Mar 1989
Pakistan,won,7 wickets,13,lost,2nd,Sri Lanka,Sharjah,24 Mar 1989
West Indies,won,5 wickets,13,lost,2nd,India,Sharjah,13 Oct 1989
Pakistan,won,11 runs,,lost,1st,West Indies,Sharjah,14 Oct 1989
England,won,5 wickets,8,won,2nd,Sri Lanka,Delhi,15 Oct 1989
Pakistan,won,6 wickets,8,lost,2nd,India,Sharjah,15 Oct 1989
India,won,37 runs,,lost,1st,West Indies,Sharjah,16 Oct 1989
Pakistan,won,57 runs,,won,1st,West Indies,Sharjah,17 Oct 1989
England,won,7 wickets,15,lost,2nd,Australia,Hyderabad (Deccan),19 Oct 1989
Sri Lanka,won,4 wickets,17,won,2nd,West Indies,Rajkot,19 Oct 1989
Pakistan,won,38 runs,,lost,1st,India,Sharjah,20 Oct 1989
Australia,won,99 runs,,won,1st,West Indies,Chennai,21 Oct 1989
England,won,4 wickets,40,lost,2nd,Pakistan,Cuttack,22 Oct 1989
Pakistan,won,66 runs,,lost,1st,Australia,Brabourne,23 Oct 1989
West Indies,won,6 wickets,9,lost,2nd,Pakistan,Jalandhar,25 Oct 1989
Australia,won,28 runs,,won,1st,Sri Lanka,Margao,25 Oct 1989
West Indies,won,26 runs,,won,1st,England,Gwalior,27 Oct 1989
Pakistan,won,6 runs,,won,1st,Sri Lanka,Lucknow,27 Oct 1989
Pakistan,won,6 wickets,9,won,2nd,England,Nagpur,30 Oct 1989
Pakistan,won,4 wickets,1,lost,2nd,West Indies,Kolkata,1 Nov 1989
Sri Lanka,won,3 wickets,9,lost,2nd,Pakistan,Perth,31 Dec 1989
Pakistan,won,5 wickets,18,won,2nd,Sri Lanka,Brisbane,10 Feb 1990
Pakistan,won,6 wickets,9,won,2nd,Sri Lanka,Hobart,15 Feb 1990
Pakistan,won,27 runs,,lost,1st,Sri Lanka,Adelaide,17 Feb 1990
Australia,won,18 runs,,won,1st,India,Christchurch,3 Mar 1990
Australia,won,7 wickets,12,lost,2nd,India,Hamilton,8 Mar 1990
Sri Lanka,won,3 wickets,4,won,2nd,India,Sharjah,25 Apr 1990
Australia,won,63 runs,,lost,1st,New Zealand,Sharjah,26 Apr 1990
Pakistan,won,26 runs,,lost,1st,India,Sharjah,27 Apr 1990
New Zealand,won,161 runs,,won,1st,Bangladesh,Sharjah,28 Apr 1990
Pakistan,won,90 runs,,lost,1st,Sri Lanka,Sharjah,29 Apr 1990
Australia,won,7 wickets,146,lost,2nd,Bangladesh,Sharjah,30 Apr 1990
Pakistan,won,8 wickets,206,lost,2nd,New Zealand,Sharjah,1 May 1990
Australia,won,114 runs,,won,1st,Sri Lanka,Sharjah,2 May 1990
Pakistan,won,36 runs,,won,1st,Australia,Sharjah,4 May 1990
New Zealand,won,7 runs,,lost,1st,England,Adelaide,1 Dec 1990
England,won,4 wickets,37,lost,2nd,New Zealand,Perth,7 Dec 1990
England,won,33 runs,,lost,1st,New Zealand,Sydney,13 Dec 1990
New Zealand,won,8 wickets,33,won,2nd,England,Brisbane,15 Dec 1990
Sri Lanka,won,6 wickets,31,won,2nd,Pakistan,Sharjah,20 Dec 1990
Pakistan,won,50 runs,,lost,1st,Sri Lanka,Sharjah,21 Dec 1990
Sri Lanka,won,71 runs,,won,1st,Bangladesh,Kolkata,31 Dec 1990
West Indies,won,1 wickets,15,won,2nd,Pakistan,Sharjah,17 Oct 1991
India,won,60 runs,,won,1st,Pakistan,Sharjah,18 Oct 1991
India,won,19 runs,,lost,1st,West Indies,Sharjah,19 Oct 1991
Pakistan,won,1 runs,,won,1st,West Indies,Sharjah,21 Oct 1991
India,won,7 wickets,75,won,2nd,West Indies,Sharjah,22 Oct 1991
Pakistan,won,4 runs,,won,1st,India,Sharjah,23 Oct 1991
Pakistan,won,72 runs,,lost,1st,India,Sharjah,25 Oct 1991
India,tied,-,,lost,1st,West Indies,Perth,6 Dec 1991
West Indies,tied,-,,won,2nd,India,Perth,6 Dec 1991
India,won,10 runs,,won,1st,West Indies,Adelaide,14 Dec 1991
West Indies,won,6 wickets,9,lost,2nd,India,Brisbane,11 Jan 1992
India,won,5 wickets,20,lost,2nd,West Indies,Melbourne,16 Jan 1992
England,won,9 runs,,won,1st,India,Perth,22 Feb 1992
Sri Lanka,won,3 wickets,4,won,2nd,Zimbabwe,New Plymouth,23 Feb 1992
West Indies,won,10 wickets,19,won,2nd,Pakistan,Melbourne,23 Feb 1992
Pakistan,won,53 runs,,lost,1st,Zimbabwe,Hobart,27 Feb 1992
England,won,6 wickets,61,won,2nd,West Indies,Melbourne,27 Feb 1992
West Indies,won,75 runs,,lost,1st,Zimbabwe,Brisbane,29 Feb 1992
Sri Lanka,won,3 wickets,1,won,2nd,South Africa,Wellington,2 Mar 1992
India,won,43 runs,,won,1st,Pakistan,Sydney,4 Mar 1992
South Africa,won,64 runs,,lost,1st,West Indies,Christchurch,5 Mar 1992
India,won,55 runs,,won,1st,Zimbabwe,Hamilton,7 Mar 1992
South Africa,won,20 runs,,lost,1st,Pakistan,Brisbane,8 Mar 1992
England,won,106 runs,,won,1st,Sri Lanka,Ballarat,9 Mar 1992
West Indies,won,5 wickets,34,lost,2nd,India,Wellington,10 Mar 1992
South Africa,won,7 wickets,29,won,2nd,Zimbabwe,Canberra,10 Mar 1992
England,won,3 wickets,1,won,2nd,South Africa,Melbourne,12 Mar 1992
West Indies,won,91 runs,,lost,1st,Sri Lanka,Berri,13 Mar 1992
South Africa,won,6 wickets,5,won,2nd,India,Adelaide,15 Mar 1992
Pakistan,won,4 wickets,5,lost,2nd,Sri Lanka,Perth,15 Mar 1992
Zimbabwe,won,9 runs,,lost,1st,England,Albury,18 Mar 1992
England,won,19 runs,,lost,1st,South Africa,Sydney,22 Mar 1992
Pakistan,won,22 runs,,won,1st,England,Melbourne,25 Mar 1992
Pakistan,won,5 wickets,4,won,2nd,West Indies,Perth,4 Dec 1992
West Indies,won,4 runs,,lost,1st,Pakistan,Adelaide,12 Dec 1992
West Indies,won,133 runs,,won,1st,Pakistan,Sydney,17 Dec 1992
West Indies,won,9 wickets,184,lost,2nd,Pakistan,Brisbane,9 Jan 1993
Pakistan,won,49 runs,,lost,1st,Zimbabwe,Sharjah,1 Feb 1993
Pakistan,won,8 wickets,34,won,2nd,Sri Lanka,Sharjah,2 Feb 1993
Sri Lanka,won,30 runs,,won,1st,Zimbabwe,Sharjah,3 Feb 1993
Pakistan,won,114 runs,,lost,1st,Sri Lanka,Sharjah,4 Feb 1993
West Indies,won,8 wickets,11,lost,2nd,Pakistan,Johannesburg,13 Feb 1993
West Indies,won,124 runs,,lost,1st,Pakistan,Durban,19 Feb 1993
West Indies,won,7 wickets,225,won,2nd,Pakistan,Cape Town,25 Feb 1993
West Indies,won,5 wickets,62,won,2nd,Pakistan,Johannesburg,27 Feb 1993
West Indies,won,8 wickets,24,won,2nd,Sri Lanka,Sharjah,28 Oct 1993
West Indies,won,39 runs,,lost,1st,Pakistan,Sharjah,29 Oct 1993
Pakistan,won,114 runs,,lost,1st,Sri Lanka,Sharjah,30 Oct 1993
Pakistan,won,5 wickets,6,lost,2nd,West Indies,Sharjah,1 Nov 1993
Pakistan,won,2 wickets,2,lost,2nd,Sri Lanka,Sharjah,2 Nov 1993
West Indies,won,8 wickets,68,lost,2nd,Sri Lanka,Sharjah,3 Nov 1993
West Indies,won,6 wickets,27,won,2nd,Pakistan,Sharjah,5 Nov 1993
West Indies,won,46 runs,,lost,1st,Sri Lanka,Wankhede,9 Nov 1993
South Africa,won,41 runs,,lost,1st,West Indies,Brabourne,14 Nov 1993
Sri Lanka,won,55 runs,,lost,1st,Zimbabwe,Patna,15 Nov 1993
South Africa,won,78 runs,,lost,1st,Sri Lanka,Guwahati,19 Nov 1993
West Indies,won,134 runs,,won,1st,Zimbabwe,Hyderabad (Deccan),21 Nov 1993
West Indies,won,7 wickets,49,won,2nd,Sri Lanka,Kolkata,25 Nov 1993
New Zealand,won,4 wickets,35,lost,2nd,South Africa,Hobart,18 Dec 1993
New Zealand,won,9 runs,,lost,1st,South Africa,Brisbane,8 Jan 1994
South Africa,won,5 wickets,117,lost,2nd,New Zealand,Perth,14 Jan 1994
Australia,won,9 wickets,79,lost,2nd,Sri Lanka,Sharjah,14 Apr 1994
Pakistan,won,6 wickets,33,won,2nd,India,Sharjah,15 Apr 1994
Australia,won,7 wickets,13,lost,2nd,New Zealand,Sharjah,16 Apr 1994
New Zealand,won,2 runs,,lost,1st,Sri Lanka,Sharjah,18 Apr 1994
India,won,7 wickets,26,lost,2nd,Australia,Sharjah,19 Apr 1994
Pakistan,won,62 runs,,lost,1st,New Zealand,Sharjah,20 Apr 1994
Pakistan,won,39 runs,,lost,1st,India,Sharjah,22 Apr 1994
Australia,won,28 runs,,lost,1st,Pakistan,Colombo (SSC),7 Sep 1994
India,won,31 runs,,won,1st,Australia,Colombo (RPS),9 Sep 1994
Australia,won,6 runs,,won,1st,South Africa,Lahore,12 Oct 1994
Australia,won,22 runs,,won,1st,South Africa,Faisalabad,18 Oct 1994
Australia,won,3 wickets,2,lost,2nd,South Africa,Peshawar,24 Oct 1994
West Indies,won,135 runs,,won,1st,New Zealand,Guwahati,1 Nov 1994
Pakistan,won,6 wickets,13,lost,2nd,Sri Lanka,Durban,2 Dec 1994
Pakistan,won,12 runs,,lost,1st,Sri Lanka,Centurion,4 Dec 1994
Pakistan,won,5 wickets,22,won,2nd,New Zealand,Gqeberha,13 Dec 1994
Zimbabwe,won,13 runs,,won,1st,England,Sydney,15 Dec 1994
Sri Lanka,won,5 wickets,17,lost,2nd,New Zealand,East London,18 Dec 1994
Pakistan,won,5 wickets,67,lost,2nd,New Zealand,East London,19 Dec 1994
England,won,26 runs,,won,1st,Zimbabwe,Brisbane,7 Jan 1995
Australia,won,3 wickets,40,lost,2nd,South Africa,Wellington,15 Feb 1995
South Africa,won,14 runs,,won,1st,India,Hamilton,18 Feb 1995
India,won,5 wickets,13,lost,2nd,Australia,Dunedin,22 Feb 1995
India,won,9 wickets,133,lost,2nd,Bangladesh,Sharjah,5 Apr 1995
Sri Lanka,won,107 runs,,lost,1st,Bangladesh,Sharjah,6 Apr 1995
Pakistan,won,97 runs,,won,1st,India,Sharjah,7 Apr 1995
Pakistan,won,6 wickets,122,lost,2nd,Bangladesh,Sharjah,8 Apr 1995
India,won,8 wickets,101,lost,2nd,Sri Lanka,Sharjah,9 Apr 1995
Sri Lanka,won,5 wickets,115,won,2nd,Pakistan,Sharjah,11 Apr 1995
India,won,8 wickets,49,won,2nd,Sri Lanka,Sharjah,14 Apr 1995
Sri Lanka,won,6 runs,,lost,1st,West Indies,Sharjah,11 Oct 1995
Pakistan,won,82 runs,,won,1st,Sri Lanka,Sharjah,12 Oct 1995
Pakistan,won,15 runs,,won,1st,West Indies,Sharjah,13 Oct 1995
West Indies,won,4 wickets,65,won,2nd,Pakistan,Sharjah,15 Oct 1995
West Indies,won,4 runs,,won,1st,Sri Lanka,Sharjah,16 Oct 1995
Sri Lanka,won,8 wickets,139,lost,2nd,Pakistan,Sharjah,17 Oct 1995
Sri Lanka,won,50 runs,,lost,1st,West Indies,Sharjah,20 Oct 1995
Sri Lanka,won,4 wickets,30,won,2nd,West Indies,Adelaide,15 Dec 1995
West Indies,won,70 runs,,lost,1st,Sri Lanka,Hobart,3 Jan 1996
West Indies,won,7 wickets,143,lost,2nd,Sri Lanka,Brisbane,5 Jan 1996
Sri Lanka,won,16 runs,,lost,1st,West Indies,Perth,14 Jan 1996
New Zealand,won,11 runs,,lost,1st,England,Ahmedabad,14 Feb 1996
South Africa,won,169 runs,,lost,1st,U.A.E.,Rawalpindi,16 Feb 1996
West Indies,won,6 wickets,123,lost,2nd,Zimbabwe,Hyderabad (Deccan),16 Feb 1996
New Zealand,won,119 runs,,won,1st,Netherlands,Vadodara,17 Feb 1996
England,won,8 wickets,90,lost,2nd,U.A.E.,Peshawar,18 Feb 1996
South Africa,won,5 wickets,75,lost,2nd,New Zealand,Faisalabad,20 Feb 1996
England,won,49 runs,,won,1st,Netherlands,Peshawar,22 Feb 1996
Australia,won,97 runs,,lost,1st,Kenya,Visakhapatnam,23 Feb 1996
South Africa,won,78 runs,,won,1st,England,Rawalpindi,25 Feb 1996
Zimbabwe,won,5 wickets,46,won,2nd,Kenya,Patna,27 Feb 1996
New Zealand,won,109 runs,,lost,1st,U.A.E.,Faisalabad,27 Feb 1996
Kenya,won,73 runs,,lost,1st,West Indies,Pune,29 Feb 1996
Australia,won,8 wickets,84,lost,2nd,Zimbabwe,Nagpur,1 Mar 1996
U.A.E.,won,7 wickets,34,won,2nd,Netherlands,Lahore,1 Mar 1996
West Indies,won,4 wickets,7,lost,2nd,Australia,Jaipur,4 Mar 1996
South Africa,won,160 runs,,won,1st,Netherlands,Rawalpindi,5 Mar 1996
Sri Lanka,won,5 wickets,56,lost,2nd,England,Faisalabad,9 Mar 1996
West Indies,won,19 runs,,won,1st,South Africa,Karachi,11 Mar 1996
Australia,won,6 wickets,13,lost,2nd,New Zealand,Chennai,11 Mar 1996
Australia,won,5 runs,,won,1st,West Indies,Mohali,14 Mar 1996
Sri Lanka,won,7 wickets,22,won,2nd,Australia,Lahore,17 Mar 1996
Sri Lanka,won,34 runs,,lost,1st,Pakistan,Singapore,2 Apr 1996
India,won,12 runs,,won,1st,Sri Lanka,Singapore,3 Apr 1996
Pakistan,won,8 wickets,30,won,2nd,India,Singapore,5 Apr 1996
Pakistan,won,43 runs,,lost,1st,Sri Lanka,Singapore,7 Apr 1996
Pakistan,won,38 runs,,lost,1st,India,Sharjah,12 Apr 1996
South Africa,won,143 runs,,won,1st,Pakistan,Sharjah,13 Apr 1996
South Africa,won,80 runs,,won,1st,India,Sharjah,14 Apr 1996
India,won,28 runs,,won,1st,Pakistan,Sharjah,15 Apr 1996
South Africa,won,8 wickets,101,lost,2nd,Pakistan,Sharjah,16 Apr 1996
South Africa,won,5 wickets,17,lost,2nd,India,Sharjah,17 Apr 1996
South Africa,won,38 runs,,won,1st,India,Sharjah,19 Apr 1996
Australia,won,125 runs,,won,1st,Zimbabwe,Colombo (RPS),26 Aug 1996
India,won,7 wickets,37,won,2nd,Zimbabwe,Colombo (SSC),1 Sep 1996
Australia,won,3 wickets,3,won,2nd,India,Colombo (SSC),6 Sep 1996
India,won,8 wickets,19,won,2nd,Pakistan,Toronto,16 Sep 1996
Pakistan,won,2 wickets,1,won,2nd,India,Toronto,17 Sep 1996
India,won,55 runs,,won,1st,Pakistan,Toronto,18 Sep 1996
Pakistan,won,97 runs,,lost,1st,India,Toronto,21 Sep 1996
Pakistan,won,52 runs,,won,1st,India,Toronto,23 Sep 1996
South Africa,won,62 runs,,lost,1st,Pakistan,Nairobi (Gym),29 Sep 1996
Sri Lanka,won,2 wickets,56,lost,2nd,South Africa,Nairobi (Club),1 Oct 1996
Pakistan,won,82 runs,,lost,1st,Sri Lanka,Nairobi (Gym),4 Oct 1996
South Africa,won,7 wickets,64,lost,2nd,Pakistan,Nairobi (Gym),6 Oct 1996
South Africa,won,7 wickets,23,lost,2nd,Australia,Indore,19 Oct 1996
South Africa,won,2 wickets,16,lost,2nd,Australia,Faridabad,25 Oct 1996
South Africa,won,8 wickets,30,lost,2nd,Australia,Guwahati,1 Nov 1996
New Zealand,won,29 runs,,lost,1st,Sri Lanka,Sharjah,7 Nov 1996
Sri Lanka,won,75 runs,,lost,1st,Pakistan,Sharjah,8 Nov 1996
Pakistan,won,4 wickets,21,lost,2nd,New Zealand,Sharjah,10 Nov 1996
New Zealand,tied,-,,won,1st,Sri Lanka,Sharjah,11 Nov 1996
Sri Lanka,tied,-,,lost,2nd,New Zealand,Sharjah,11 Nov 1996
Pakistan,won,8 wickets,20,lost,2nd,Sri Lanka,Sharjah,12 Nov 1996
Pakistan,won,4 wickets,9,won,2nd,New Zealand,Sharjah,13 Nov 1996
Pakistan,won,41 runs,,lost,1st,New Zealand,Sharjah,15 Nov 1996
West Indies,won,7 wickets,83,won,2nd,Pakistan,Adelaide,17 Dec 1996
West Indies,won,6 wickets,11,won,2nd,Pakistan,Brisbane,3 Jan 1997
West Indies,won,5 wickets,8,won,2nd,Pakistan,Perth,10 Jan 1997
Pakistan,won,8 wickets,64,won,2nd,West Indies,Sydney,14 Jan 1997
Pakistan,won,4 wickets,70,won,2nd,West Indies,Sydney,18 Jan 1997
Pakistan,won,62 runs,,won,1st,West Indies,Melbourne,20 Jan 1997
India,tied,-,,lost,2nd,Zimbabwe,Paarl,27 Jan 1997
Zimbabwe,tied,-,,won,1st,India,Paarl,27 Jan 1997
Zimbabwe,won,3 wickets,2,lost,2nd,India,Centurion,7 Feb 1997
India,won,6 wickets,64,won,2nd,Zimbabwe,Benoni,9 Feb 1997
Sri Lanka,won,7 wickets,26,won,2nd,Zimbabwe,Sharjah,3 Apr 1997
Sri Lanka,won,19 runs,,lost,1st,Pakistan,Sharjah,4 Apr 1997
Pakistan,won,93 runs,,won,1st,Zimbabwe,Sharjah,6 Apr 1997
Sri Lanka,won,51 runs,,won,1st,Pakistan,Sharjah,7 Apr 1997
Zimbabwe,won,50 runs,,won,1st,Sri Lanka,Sharjah,8 Apr 1997
Pakistan,won,32 runs,,won,1st,Zimbabwe,Sharjah,9 Apr 1997
Sri Lanka,won,4 wickets,4,lost,2nd,Pakistan,Sharjah,11 Apr 1997
New Zealand,won,22 runs,,lost,1st,Pakistan,Mohali,9 May 1997
Pakistan,won,30 runs,,won,1st,Sri Lanka,Gwalior,12 May 1997
Sri Lanka,won,52 runs,,won,1st,New Zealand,Hyderabad (Deccan),20 May 1997
Sri Lanka,won,115 runs,,won,1st,Pakistan,Mohali,24 May 1997
Sri Lanka,won,85 runs,,won,1st,Pakistan,Kolkata,27 May 1997
Pakistan,won,109 runs,,won,1st,Bangladesh,Colombo (RPS),16 Jul 1997
India,won,9 wickets,168,won,2nd,Bangladesh,Colombo (SSC),24 Jul 1997
India,won,20 runs,,lost,1st,Pakistan,Toronto,13 Sep 1997
India,won,7 wickets,92,lost,2nd,Pakistan,Toronto,14 Sep 1997
India,won,34 runs,,lost,1st,Pakistan,Toronto,18 Sep 1997
India,won,7 wickets,3,won,2nd,Pakistan,Toronto,20 Sep 1997
Pakistan,won,5 wickets,37,won,2nd,India,Toronto,21 Sep 1997
Zimbabwe,won,48 runs,,won,1st,Bangladesh,Nairobi (Gym),11 Oct 1997
Zimbabwe,won,192 runs,,won,1st,Bangladesh,Nairobi (Aga),14 Oct 1997
Sri Lanka,won,7 wickets,62,won,2nd,West Indies,Lahore,1 Nov 1997
South Africa,won,5 wickets,11,won,2nd,West Indies,Lahore,3 Nov 1997
South Africa,won,66 runs,,lost,1st,Sri Lanka,Lahore,6 Nov 1997
South Africa,won,4 wickets,56,won,2nd,Sri Lanka,Lahore,8 Nov 1997
New Zealand,won,47 runs,,lost,1st,South Africa,Adelaide,6 Dec 1997
South Africa,won,1 runs,,won,1st,New Zealand,Hobart,11 Dec 1997
England,won,7 runs,,lost,1st,India,Sharjah,11 Dec 1997
West Indies,won,43 runs,,won,1st,Pakistan,Sharjah,12 Dec 1997
England,won,4 wickets,25,lost,2nd,West Indies,Sharjah,13 Dec 1997
Pakistan,won,4 wickets,16,lost,2nd,India,Sharjah,14 Dec 1997
England,won,8 runs,,won,1st,Pakistan,Sharjah,15 Dec 1997
West Indies,won,41 runs,,lost,1st,India,Sharjah,16 Dec 1997
England,won,3 wickets,11,lost,2nd,West Indies,Sharjah,19 Dec 1997
South Africa,won,2 runs,,won,1st,New Zealand,Brisbane,9 Jan 1998
India,won,18 runs,,lost,1st,Pakistan,Dhaka,11 Jan 1998
India,won,8 wickets,53,lost,2nd,Pakistan,Dhaka,14 Jan 1998
Pakistan,won,6 wickets,111,lost,2nd,India,Dhaka,16 Jan 1998
South Africa,won,67 runs,,won,1st,New Zealand,Perth,16 Jan 1998
India,won,3 wickets,1,won,2nd,Pakistan,Dhaka,18 Jan 1998
Australia,won,13 runs,,won,1st,Zimbabwe,Ahmedabad,3 Apr 1998
Pakistan,won,4 wickets,12,lost,2nd,Sri Lanka,Kimberley,7 Apr 1998
Pakistan,won,110 runs,,won,1st,Sri Lanka,Paarl,9 Apr 1998
Australia,won,16 runs,,lost,1st,Zimbabwe,Delhi,11 Apr 1998
Sri Lanka,won,115 runs,,lost,1st,Pakistan,Benoni,15 Apr 1998
India,won,15 runs,,won,1st,New Zealand,Sharjah,17 Apr 1998
Australia,won,6 wickets,79,lost,2nd,New Zealand,Sharjah,18 Apr 1998
Australia,won,58 runs,,won,1st,India,Sharjah,19 Apr 1998
New Zealand,won,4 wickets,6,lost,2nd,India,Sharjah,20 Apr 1998
Australia,won,5 wickets,13,lost,2nd,New Zealand,Sharjah,21 Apr 1998
Australia,won,26 runs,,won,1st,India,Sharjah,22 Apr 1998
India,won,6 wickets,9,won,2nd,Australia,Sharjah,24 Apr 1998
Bangladesh,won,6 wickets,12,lost,2nd,Kenya,Hyderabad (Deccan),17 May 1998
Kenya,won,28 runs,,won,1st,Bangladesh,Chennai,23 May 1998
Sri Lanka,won,57 runs,,lost,1st,South Africa,Nottingham,14 Aug 1998
India,won,6 wickets,38,won,2nd,Pakistan,Toronto,12 Sep 1998
Pakistan,won,51 runs,,lost,1st,India,Toronto,13 Sep 1998
Pakistan,won,77 runs,,lost,1st,India,Toronto,16 Sep 1998
Pakistan,won,134 runs,,lost,1st,India,Toronto,19 Sep 1998
Pakistan,won,5 wickets,10,lost,2nd,India,Toronto,20 Sep 1998
New Zealand,won,5 wickets,0,lost,2nd,Zimbabwe,Dhaka,24 Oct 1998
South Africa,won,6 wickets,20,lost,2nd,England,Dhaka,25 Oct 1998
Sri Lanka,won,5 wickets,51,won,2nd,New Zealand,Dhaka,26 Oct 1998
India,won,44 runs,,lost,1st,Australia,Dhaka,28 Oct 1998
West Indies,won,30 runs,,won,1st,Pakistan,Dhaka,29 Oct 1998
South Africa,won,92 runs,,lost,1st,Sri Lanka,Dhaka,30 Oct 1998
West Indies,won,6 wickets,18,lost,2nd,India,Dhaka,31 Oct 1998
South Africa,won,4 wickets,18,won,2nd,West Indies,Dhaka,1 Nov 1998
India,won,3 wickets,5,won,2nd,Sri Lanka,Sharjah,6 Nov 1998
Zimbabwe,won,7 wickets,23,won,2nd,Sri Lanka,Sharjah,7 Nov 1998
India,won,7 wickets,56,won,2nd,Zimbabwe,Sharjah,8 Nov 1998
India,won,81 runs,,lost,1st,Sri Lanka,Sharjah,9 Nov 1998
Zimbabwe,won,24 runs,,lost,1st,Sri Lanka,Sharjah,10 Nov 1998
Zimbabwe,won,13 runs,,lost,1st,India,Sharjah,11 Nov 1998
India,won,10 wickets,120,won,2nd,Zimbabwe,Sharjah,13 Nov 1998
England,won,4 wickets,3,lost,2nd,Sri Lanka,Brisbane,11 Jan 1999
England,won,7 wickets,28,lost,2nd,Sri Lanka,Melbourne,19 Jan 1999
Sri Lanka,won,1 wickets,2,won,2nd,England,Adelaide,23 Jan 1999
England,won,128 runs,,lost,1st,Sri Lanka,Perth,29 Jan 1999
Sri Lanka,won,11 runs,,lost,1st,England,Sydney,3 Feb 1999
Pakistan,won,9 runs,,won,1st,Sri Lanka,Jamshedpur,19 Mar 1999
Zimbabwe,won,133 runs,,won,1st,Kenya,Dhaka,19 Mar 1999
Zimbabwe,won,64 runs,,won,1st,Kenya,Dhaka,23 Mar 1999
Sri Lanka,won,12 runs,,won,1st,Pakistan,Visakhapatnam,27 Mar 1999
Zimbabwe,won,202 runs,,won,1st,Kenya,Dhaka,27 Mar 1999
Pakistan,won,90 runs,,won,1st,England,Sharjah,7 Apr 1999
Pakistan,won,116 runs,,won,1st,India,Sharjah,8 Apr 1999
India,won,20 runs,,won,1st,England,Sharjah,9 Apr 1999
India,won,9 runs,,won,1st,England,Sharjah,11 Apr 1999
England,won,62 runs,,won,1st,Pakistan,Sharjah,12 Apr 1999
India,won,6 wickets,11,lost,2nd,Pakistan,Sharjah,13 Apr 1999
Pakistan,won,8 wickets,132,lost,2nd,India,Sharjah,16 Apr 1999
South Africa,won,4 wickets,16,lost,2nd,India,Hove,15 May 1999
Zimbabwe,won,5 wickets,54,won,2nd,Kenya,Taunton,15 May 1999
Australia,won,6 wickets,31,won,2nd,Scotland,Worcester,16 May 1999
Pakistan,won,27 runs,,won,1st,West Indies,Bristol,16 May 1999
New Zealand,won,6 wickets,102,won,2nd,Bangladesh,Chelmsford,17 May 1999
Zimbabwe,won,3 runs,,lost,1st,India,Leicester,19 May 1999
South Africa,won,89 runs,,lost,1st,Sri Lanka,Northampton,19 May 1999
New Zealand,won,5 wickets,28,lost,2nd,Australia,Cardiff,20 May 1999
Pakistan,won,94 runs,,lost,1st,Scotland,Chester-le-Street,20 May 1999
West Indies,won,7 wickets,21,lost,2nd,Bangladesh,Dublin,21 May 1999
Sri Lanka,won,4 wickets,24,won,2nd,Zimbabwe,Worcester,22 May 1999
India,won,94 runs,,lost,1st,Kenya,Bristol,23 May 1999
Pakistan,won,10 runs,,lost,1st,Australia,Leeds,23 May 1999
West Indies,won,7 wickets,34,won,2nd,New Zealand,Southampton,24 May 1999
South Africa,won,7 wickets,54,won,2nd,Kenya,Amstelveen,26 May 1999
India,won,157 runs,,lost,1st,Sri Lanka,Taunton,26 May 1999
Australia,won,7 wickets,181,won,2nd,Bangladesh,Chester-le-Street,27 May 1999
West Indies,won,8 wickets,239,lost,2nd,Scotland,Leicester,27 May 1999
Pakistan,won,62 runs,,lost,1st,New Zealand,Derby,28 May 1999
Zimbabwe,won,48 runs,,won,1st,South Africa,Chelmsford,29 May 1999
Sri Lanka,won,45 runs,,lost,1st,Kenya,Southampton,30 May 1999
Australia,won,6 wickets,56,won,2nd,West Indies,Manchester,30 May 1999
Bangladesh,won,62 runs,,lost,1st,Pakistan,Northampton,31 May 1999
Australia,won,77 runs,,lost,1st,India,The Oval,4 Jun 1999
South Africa,won,3 wickets,6,lost,2nd,Pakistan,Nottingham,5 Jun 1999
India,won,47 runs,,won,1st,Pakistan,Manchester,8 Jun 1999
Australia,won,44 runs,,lost,1st,Zimbabwe,Lord's,9 Jun 1999
South Africa,won,74 runs,,won,1st,New Zealand,Birmingham,10 Jun 1999
Pakistan,won,148 runs,,won,1st,Zimbabwe,The Oval,11 Jun 1999
New Zealand,won,5 wickets,10,lost,2nd,India,Nottingham,12 Jun 1999
Australia,won,5 wickets,2,lost,2nd,South Africa,Leeds,13 Jun 1999
Pakistan,won,9 wickets,15,lost,2nd,New Zealand,Manchester,16 Jun 1999
Australia,tied,-,,lost,1st,South Africa,Birmingham,17 Jun 1999
South Africa,tied,-,,won,2nd,Australia,Birmingham,17 Jun 1999
Australia,won,8 wickets,179,lost,2nd,Pakistan,Lord's,20 Jun 1999
Australia,won,8 wickets,53,lost,2nd,India,Galle,23 Aug 1999
Australia,won,41 runs,,lost,1st,India,Colombo (SSC),28 Aug 1999
West Indies,won,6 wickets,38,lost,2nd,Zimbabwe,Singapore,2 Sep 1999
India,won,115 runs,,lost,1st,Zimbabwe,Singapore,4 Sep 1999
West Indies,won,42 runs,,won,1st,India,Singapore,5 Sep 1999
West Indies,won,4 wickets,14,won,2nd,India,Singapore,8 Sep 1999
India,won,8 wickets,75,won,2nd,West Indies,Toronto,11 Sep 1999
West Indies,won,70 runs,,won,1st,India,Toronto,12 Sep 1999
India,won,88 runs,,lost,1st,West Indies,Toronto,14 Sep 1999
Pakistan,won,15 runs,,won,1st,West Indies,Toronto,16 Sep 1999
Pakistan,won,42 runs,,won,1st,West Indies,Toronto,18 Sep 1999
Pakistan,won,7 wickets,62,lost,2nd,West Indies,Toronto,19 Sep 1999
India,won,8 wickets,164,lost,2nd,South Africa,Nairobi (Gym),26 Sep 1999
South Africa,won,9 wickets,90,won,2nd,Zimbabwe,Nairobi (Gym),28 Sep 1999
India,won,107 runs,,lost,1st,Zimbabwe,Nairobi (Gym),1 Oct 1999
South Africa,won,26 runs,,lost,1st,India,Nairobi (Gym),3 Oct 1999
West Indies,won,3 wickets,4,lost,2nd,Sri Lanka,Sharjah,13 Oct 1999
Pakistan,won,130 runs,,won,1st,West Indies,Sharjah,14 Oct 1999
Pakistan,tied,-,,won,1st,Sri Lanka,Sharjah,15 Oct 1999
Sri Lanka,tied,-,,lost,2nd,Pakistan,Sharjah,15 Oct 1999
Sri Lanka,won,9 wickets,132,lost,2nd,West Indies,Sharjah,17 Oct 1999
Pakistan,won,118 runs,,won,1st,Sri Lanka,Sharjah,18 Oct 1999
Pakistan,won,138 runs,,won,1st,West Indies,Sharjah,19 Oct 1999
Pakistan,won,88 runs,,won,1st,Sri Lanka,Sharjah,22 Oct 1999
Pakistan,won,2 wickets,0,lost,2nd,India,Brisbane,10 Jan 2000
Pakistan,won,32 runs,,lost,1st,India,Hobart,21 Jan 2000
India,won,48 runs,,won,1st,Pakistan,Adelaide,25 Jan 2000
Pakistan,won,104 runs,,won,1st,India,Perth,28 Jan 2000
Zimbabwe,won,104 runs,,won,1st,England,Cape Town,28 Jan 2000
England,won,8 wickets,107,lost,2nd,Zimbabwe,Kimberley,30 Jan 2000
South Africa,won,10 wickets,124,lost,2nd,India,Sharjah,22 Mar 2000
India,won,5 wickets,39,lost,2nd,Pakistan,Sharjah,23 Mar 2000
South Africa,won,3 wickets,33,lost,2nd,Pakistan,Sharjah,24 Mar 2000
Pakistan,won,98 runs,,won,1st,India,Sharjah,26 Mar 2000
South Africa,won,6 wickets,44,lost,2nd,India,Sharjah,27 Mar 2000
Pakistan,won,67 runs,,won,1st,South Africa,Sharjah,28 Mar 2000
Pakistan,won,16 runs,,won,1st,South Africa,Sharjah,31 Mar 2000
Pakistan,won,5 wickets,17,lost,2nd,Zimbabwe,St John's,5 Apr 2000
Pakistan,won,6 wickets,41,lost,2nd,Zimbabwe,St George's,15 Apr 2000
Sri Lanka,won,71 runs,,won,1st,India,Dhaka,1 Jun 2000
Pakistan,won,44 runs,,won,1st,India,Dhaka,3 Jun 2000
Pakistan,won,7 wickets,10,lost,2nd,Sri Lanka,Dhaka,5 Jun 2000
Pakistan,won,39 runs,,won,1st,Sri Lanka,Dhaka,7 Jun 2000
Zimbabwe,won,6 wickets,30,lost,2nd,West Indies,Bristol,6 Jul 2000
South Africa,won,18 runs,,won,1st,Pakistan,Colombo (RPS),8 Jul 2000
Zimbabwe,won,70 runs,,lost,1st,West Indies,Canterbury,11 Jul 2000
South Africa,won,7 wickets,75,lost,2nd,Pakistan,Colombo (SSC),12 Jul 2000
Zimbabwe,won,6 wickets,5,lost,2nd,West Indies,Chester-le-Street,16 Jul 2000
Pakistan,won,12 runs,,lost,1st,New Zealand,Singapore,20 Aug 2000
Pakistan,won,28 runs,,won,1st,South Africa,Singapore,23 Aug 2000
South Africa,won,8 wickets,96,lost,2nd,New Zealand,Singapore,25 Aug 2000
South Africa,won,93 runs,,won,1st,Pakistan,Singapore,27 Aug 2000
Sri Lanka,won,108 runs,,lost,1st,West Indies,Nairobi (Gym),4 Oct 2000
England,won,8 wickets,37,lost,2nd,Bangladesh,Nairobi (Gym),5 Oct 2000
India,won,20 runs,,lost,1st,Australia,Nairobi (Gym),7 Oct 2000
Pakistan,won,9 wickets,40,lost,2nd,Sri Lanka,Nairobi (Gym),8 Oct 2000
New Zealand,won,64 runs,,lost,1st,Zimbabwe,Nairobi (Gym),9 Oct 2000
South Africa,won,8 wickets,65,lost,2nd,England,Nairobi (Gym),10 Oct 2000
New Zealand,won,4 wickets,6,lost,2nd,Pakistan,Nairobi (Gym),11 Oct 2000
India,won,95 runs,,won,1st,South Africa,Nairobi (Gym),13 Oct 2000
New Zealand,won,4 wickets,2,won,2nd,India,Nairobi (Gym),15 Oct 2000
Sri Lanka,won,5 wickets,37,lost,2nd,India,Sharjah,20 Oct 2000
Sri Lanka,won,7 wickets,18,won,2nd,Zimbabwe,Sharjah,21 Oct 2000
India,won,13 runs,,lost,1st,Zimbabwe,Sharjah,22 Oct 2000
Sri Lanka,won,123 runs,,lost,1st,Zimbabwe,Sharjah,25 Oct 2000
India,won,3 wickets,9,won,2nd,Zimbabwe,Sharjah,26 Oct 2000
Sri Lanka,won,68 runs,,lost,1st,India,Sharjah,27 Oct 2000
Sri Lanka,won,245 runs,,won,1st,India,Sharjah,29 Oct 2000
West Indies,won,1 wickets,8,lost,2nd,Zimbabwe,Brisbane,13 Jan 2001
Zimbabwe,won,47 runs,,lost,1st,West Indies,Sydney,23 Jan 2001
West Indies,won,77 runs,,won,1st,Zimbabwe,Adelaide,25 Jan 2001
West Indies,won,44 runs,,won,1st,Zimbabwe,Perth,2 Feb 2001
Pakistan,won,16 runs,,won,1st,Sri Lanka,Sharjah,8 Apr 2001
Sri Lanka,won,106 runs,,won,1st,New Zealand,Sharjah,10 Apr 2001
Pakistan,won,8 wickets,47,lost,2nd,New Zealand,Sharjah,12 Apr 2001
Pakistan,won,28 runs,,won,1st,Sri Lanka,Sharjah,13 Apr 2001
Pakistan,won,7 wickets,148,lost,2nd,New Zealand,Sharjah,15 Apr 2001
New Zealand,won,79 runs,,lost,1st,Sri Lanka,Sharjah,17 Apr 2001
Sri Lanka,won,77 runs,,won,1st,Pakistan,Sharjah,20 Apr 2001
Australia,won,7 wickets,26,lost,2nd,Pakistan,Cardiff,9 Jun 2001
Pakistan,won,36 runs,,won,1st,Australia,Nottingham,19 Jun 2001
Australia,won,9 wickets,141,lost,2nd,Pakistan,Lord's,23 Jun 2001
India,won,6 wickets,37,won,2nd,West Indies,Bulawayo,30 Jun 2001
India,won,6 wickets,11,won,2nd,West Indies,Harare,4 Jul 2001
West Indies,won,16 runs,,lost,1st,India,Harare,7 Jul 2001
New Zealand,won,84 runs,,won,1st,India,Colombo (RPS),20 Jul 2001
New Zealand,won,67 runs,,lost,1st,India,Colombo (RPS),26 Jul 2001
India,won,7 wickets,26,lost,2nd,New Zealand,Colombo (SSC),2 Aug 2001
India,won,10 wickets,231,lost,2nd,Kenya,Bloemfontein,12 Oct 2001
Kenya,won,70 runs,,won,1st,India,Gqeberha,17 Oct 2001
India,won,186 runs,,won,1st,Kenya,Paarl,24 Oct 2001
Sri Lanka,won,63 runs,,won,1st,Zimbabwe,Sharjah,26 Oct 2001
Sri Lanka,won,7 wickets,71,lost,2nd,Pakistan,Sharjah,27 Oct 2001
Pakistan,won,106 runs,,won,1st,Zimbabwe,Sharjah,28 Oct 2001
Sri Lanka,won,79 runs,,won,1st,Zimbabwe,Sharjah,30 Oct 2001
Pakistan,won,29 runs,,won,1st,Zimbabwe,Sharjah,31 Oct 2001
Pakistan,won,7 wickets,4,lost,2nd,Sri Lanka,Sharjah,2 Nov 2001
Pakistan,won,5 wickets,38,lost,2nd,Sri Lanka,Sharjah,4 Nov 2001
Zimbabwe,won,4 wickets,11,won,2nd,West Indies,Colombo (SSC),9 Dec 2001
West Indies,won,8 wickets,96,won,2nd,Zimbabwe,Kandy,16 Dec 2001
South Africa,won,26 runs,,won,1st,New Zealand,Hobart,15 Jan 2002
New Zealand,won,4 wickets,5,lost,2nd,South Africa,Brisbane,19 Jan 2002
South Africa,won,93 runs,,won,1st,New Zealand,Adelaide,27 Jan 2002
South Africa,won,67 runs,,lost,1st,New Zealand,Perth,1 Feb 2002
South Africa,won,8 wickets,29,lost,2nd,New Zealand,Melbourne,6 Feb 2002
South Africa,won,6 wickets,47,lost,2nd,New Zealand,Sydney,8 Feb 2002
Pakistan,won,4 wickets,23,lost,2nd,West Indies,Sharjah,14 Feb 2002
Pakistan,won,51 runs,,won,1st,West Indies,Sharjah,15 Feb 2002
West Indies,won,110 runs,,won,1st,Pakistan,Sharjah,17 Feb 2002
Sri Lanka,won,41 runs,,won,1st,Pakistan,Sharjah,8 Apr 2002
New Zealand,won,11 runs,,won,1st,Sri Lanka,Sharjah,9 Apr 2002
Pakistan,won,51 runs,,won,1st,New Zealand,Sharjah,11 Apr 2002
Sri Lanka,won,9 runs,,won,1st,Pakistan,Sharjah,12 Apr 2002
Sri Lanka,won,46 runs,,won,1st,New Zealand,Sharjah,14 Apr 2002
Pakistan,won,8 wickets,105,lost,2nd,New Zealand,Sharjah,15 Apr 2002
Pakistan,won,217 runs,,won,1st,Sri Lanka,Sharjah,17 Apr 2002
India,won,4 wickets,28,lost,2nd,Sri Lanka,The Oval,30 Jun 2002
India,won,4 wickets,11,won,2nd,Sri Lanka,Birmingham,6 Jul 2002
India,won,63 runs,,won,1st,Sri Lanka,Bristol,11 Jul 2002
South Africa,won,54 runs,,won,1st,Pakistan,Tangier,12 Aug 2002
Pakistan,won,28 runs,,lost,1st,Sri Lanka,Tangier,14 Aug 2002
Sri Lanka,won,93 runs,,won,1st,South Africa,Tangier,15 Aug 2002
Sri Lanka,won,39 runs,,won,1st,Pakistan,Tangier,17 Aug 2002
South Africa,won,8 runs,,won,1st,Pakistan,Tangier,18 Aug 2002
Sri Lanka,won,6 wickets,47,lost,2nd,South Africa,Tangier,19 Aug 2002
Sri Lanka,won,27 runs,,won,1st,South Africa,Tangier,21 Aug 2002
Australia,won,224 runs,,lost,1st,Pakistan,Nairobi (Gym),30 Aug 2002
Australia,won,9 wickets,185,lost,2nd,Pakistan,Nairobi (Gym),4 Sep 2002
South Africa,won,2 wickets,0,won,2nd,West Indies,Colombo (SSC),13 Sep 2002
India,won,14 runs,,won,1st,Zimbabwe,Colombo (RPS),14 Sep 2002
Australia,won,164 runs,,won,1st,New Zealand,Colombo (SSC),15 Sep 2002
West Indies,won,29 runs,,won,1st,Kenya,Colombo (SSC),17 Sep 2002
England,won,108 runs,,won,1st,Zimbabwe,Colombo (RPS),18 Sep 2002
Australia,won,9 wickets,176,lost,2nd,Bangladesh,Colombo (SSC),19 Sep 2002
South Africa,won,176 runs,,won,1st,Kenya,Colombo (RPS),20 Sep 2002
Pakistan,won,9 wickets,202,lost,2nd,Netherlands,Colombo (SSC),21 Sep 2002
India,won,8 wickets,63,lost,2nd,England,Colombo (RPS),22 Sep 2002
New Zealand,won,167 runs,,lost,1st,Bangladesh,Colombo (SSC),23 Sep 2002
India,won,10 runs,,won,1st,South Africa,Colombo (RPS),25 Sep 2002
England,won,43 runs,,won,1st,Sri Lanka,Brisbane,17 Dec 2002
England,won,95 runs,,won,1st,Sri Lanka,Perth,20 Dec 2002
Sri Lanka,won,31 runs,,won,1st,England,Sydney,13 Jan 2003
England,won,19 runs,,won,1st,Sri Lanka,Adelaide,17 Jan 2003
Sri Lanka,won,47 runs,,lost,1st,New Zealand,Bloemfontein,10 Feb 2003
Australia,won,82 runs,,lost,1st,Pakistan,Johannesburg,11 Feb 2003
Canada,won,60 runs,,won,1st,Bangladesh,Durban,11 Feb 2003
India,won,68 runs,,won,1st,Netherlands,Paarl,12 Feb 2003
New Zealand,won,20 runs,,lost,1st,West Indies,Gqeberha,13 Feb 2003
Sri Lanka,won,10 wickets,173,won,2nd,Bangladesh,Pietermaritzburg,14 Feb 2003
Australia,won,9 wickets,166,lost,2nd,India,Centurion,15 Feb 2003
Kenya,won,4 wickets,9,lost,2nd,Canada,Cape Town,15 Feb 2003
England,won,6 wickets,160,won,2nd,Netherlands,East London,16 Feb 2003
Pakistan,won,171 runs,,won,1st,Namibia,Kimberley,16 Feb 2003
Sri Lanka,won,9 wickets,272,won,2nd,Canada,Paarl,19 Feb 2003
England,won,55 runs,,lost,1st,Namibia,Gqeberha,19 Feb 2003
Australia,won,75 runs,,lost,1st,Netherlands,Potchefstroom,20 Feb 2003
England,won,112 runs,,won,1st,Pakistan,Cape Town,22 Feb 2003
West Indies,won,7 wickets,177,won,2nd,Canada,Centurion,23 Feb 2003
India,won,181 runs,,lost,1st,Namibia,Pietermaritzburg,23 Feb 2003
Pakistan,won,97 runs,,lost,1st,Netherlands,Paarl,25 Feb 2003
New Zealand,won,7 wickets,99,lost,2nd,Bangladesh,Kimberley,26 Feb 2003
India,won,82 runs,,won,1st,England,Durban,26 Feb 2003
Australia,won,256 runs,,won,1st,Namibia,Potchefstroom,27 Feb 2003
Sri Lanka,won,6 runs,,won,1st,West Indies,Cape Town,28 Feb 2003
Kenya,won,32 runs,,won,1st,Bangladesh,Johannesburg,1 Mar 2003
India,won,6 wickets,26,lost,2nd,Pakistan,Centurion,1 Mar 2003
Australia,won,2 wickets,2,lost,2nd,England,Gqeberha,2 Mar 2003
New Zealand,won,5 wickets,162,won,2nd,Canada,Benoni,3 Mar 2003
Netherlands,won,64 runs,,won,1st,Namibia,Bloemfontein,3 Mar 2003
West Indies,won,142 runs,,won,1st,Kenya,Kimberley,4 Mar 2003
Australia,won,96 runs,,won,1st,Sri Lanka,Centurion,7 Mar 2003
India,won,6 wickets,13,lost,2nd,Kenya,Cape Town,7 Mar 2003
New Zealand,won,6 wickets,16,lost,2nd,Zimbabwe,Bloemfontein,8 Mar 2003
India,won,183 runs,,lost,1st,Sri Lanka,Johannesburg,10 Mar 2003
Australia,won,96 runs,,lost,1st,New Zealand,Gqeberha,11 Mar 2003
Kenya,won,7 wickets,144,lost,2nd,Zimbabwe,Bloemfontein,12 Mar 2003
India,won,7 wickets,56,won,2nd,New Zealand,Centurion,14 Mar 2003
Sri Lanka,won,74 runs,,won,1st,Zimbabwe,East London,15 Mar 2003
Australia,won,5 wickets,112,won,2nd,Kenya,Durban,15 Mar 2003
Australia,won,48 runs,,won,1st,Sri Lanka,Gqeberha,18 Mar 2003
India,won,91 runs,,won,1st,Kenya,Durban,20 Mar 2003
Australia,won,125 runs,,lost,1st,India,Johannesburg,23 Mar 2003
Pakistan,won,68 runs,,won,1st,Zimbabwe,Sharjah,3 Apr 2003
Pakistan,won,7 wickets,16,lost,2nd,Sri Lanka,Sharjah,4 Apr 2003
Zimbabwe,won,5 wickets,6,lost,2nd,Kenya,Sharjah,5 Apr 2003
Sri Lanka,won,129 runs,,won,1st,Kenya,Sharjah,6 Apr 2003
Zimbabwe,won,4 wickets,8,lost,2nd,Sri Lanka,Sharjah,7 Apr 2003
Pakistan,won,143 runs,,won,1st,Kenya,Sharjah,8 Apr 2003
Pakistan,won,8 wickets,88,lost,2nd,Zimbabwe,Sharjah,10 Apr 2003
India,won,153 runs,,won,1st,South Africa,Dhaka,13 Apr 2003
South Africa,won,5 wickets,8,lost,2nd,India,Dhaka,18 Apr 2003
New Zealand,won,7 wickets,135,won,2nd,Pakistan,Dambulla,11 May 2003
Pakistan,won,22 runs,,lost,1st,New Zealand,Dambulla,20 May 2003
New Zealand,won,4 wickets,28,lost,2nd,Pakistan,Dambulla,23 May 2003
South Africa,won,46 runs,,lost,1st,Zimbabwe,Canterbury,29 Jun 2003
South Africa,won,9 wickets,94,won,2nd,Zimbabwe,Cardiff,5 Jul 2003
South Africa,won,7 wickets,88,lost,2nd,Zimbabwe,Southampton,10 Jul 2003
Australia,won,8 wickets,200,lost,2nd,New Zealand,Faridabad,29 Oct 2003
Australia,won,2 wickets,1,won,2nd,New Zealand,Pune,3 Nov 2003
Australia,won,44 runs,,lost,1st,New Zealand,Guwahati,9 Nov 2003
India,won,7 wickets,74,lost,2nd,Zimbabwe,Hobart,14 Jan 2004
India,won,24 runs,,won,1st,Zimbabwe,Brisbane,20 Jan 2004
India,won,3 runs,,won,1st,Zimbabwe,Adelaide,24 Jan 2004
India,won,4 wickets,117,lost,2nd,Zimbabwe,Perth,3 Feb 2004
New Zealand,won,5 wickets,24,won,2nd,West Indies,Cardiff,3 Jul 2004
New Zealand,won,107 runs,,lost,1st,West Indies,Lord's,10 Jul 2004
Bangladesh,won,116 runs,,lost,1st,Hong Kong,Colombo (SSC),16 Jul 2004
India,won,116 runs,,won,1st,U.A.E.,Dambulla,16 Jul 2004
Pakistan,won,76 runs,,won,1st,Bangladesh,Colombo (SSC),17 Jul 2004
Pakistan,won,173 runs,,won,1st,Hong Kong,Colombo (SSC),18 Jul 2004
India,won,8 wickets,69,won,2nd,Bangladesh,Colombo (SSC),21 Jul 2004
Pakistan,won,59 runs,,won,1st,India,Colombo (RPS),25 Jul 2004
Pakistan,won,6 wickets,54,lost,2nd,Bangladesh,Colombo (RPS),29 Jul 2004
Pakistan,won,66 runs,,lost,1st,India,Amstelveen,21 Aug 2004
Australia,won,17 runs,,won,1st,Pakistan,Amstelveen,28 Aug 2004
Australia,won,10 runs,,lost,1st,Pakistan,Lord's,4 Sep 2004
New Zealand,won,210 runs,,lost,1st,U.S.A.,The Oval,10 Sep 2004
India,won,98 runs,,lost,1st,Kenya,Southampton,11 Sep 2004
South Africa,won,9 wickets,193,lost,2nd,Bangladesh,Birmingham,12 Sep 2004
Australia,won,9 wickets,253,won,2nd,U.S.A.,Southampton,13 Sep 2004
Sri Lanka,won,4 wickets,37,won,2nd,Zimbabwe,The Oval,14 Sep 2004
Pakistan,won,7 wickets,188,won,2nd,Kenya,Birmingham,14 Sep 2004
West Indies,won,138 runs,,lost,1st,Bangladesh,Southampton,15 Sep 2004
Australia,won,7 wickets,76,won,2nd,New Zealand,The Oval,16 Sep 2004
West Indies,won,5 wickets,7,won,2nd,South Africa,The Oval,18 Sep 2004
Pakistan,won,3 wickets,4,won,2nd,India,Birmingham,19 Sep 2004
West Indies,won,7 wickets,131,lost,2nd,Pakistan,Southampton,22 Sep 2004
Sri Lanka,won,7 wickets,191,won,2nd,Zimbabwe,Rawalpindi,9 Oct 2004
ICC World XI,won,112 runs,,won,1st,Asia XI,Melbourne,10 Jan 2005
Pakistan,won,6 wickets,18,won,2nd,West Indies,Brisbane,19 Jan 2005
West Indies,won,58 runs,,lost,1st,Pakistan,Adelaide,28 Jan 2005
Pakistan,won,30 runs,,lost,1st,West Indies,Perth,1 Feb 2005
Bangladesh,won,5 wickets,4,lost,2nd,Australia,Cardiff,18 Jun 2005
Australia,won,10 wickets,186,won,2nd,Bangladesh,Manchester,25 Jun 2005
Australia,won,6 wickets,11,won,2nd,Bangladesh,Canterbury,30 Jun 2005
India,won,6 wickets,84,lost,2nd,West Indies,Dambulla,31 Jul 2005
India,won,7 runs,,won,1st,West Indies,Colombo (RPS),7 Aug 2005
Africa XI,won,2 runs,,lost,1st,Asia XI,Centurion,17 Aug 2005
Asia XI,won,17 runs,,won,1st,Africa XI,Durban,20 Aug 2005
New Zealand,won,51 runs,,won,1st,India,Bulawayo,26 Aug 2005
India,won,6 wickets,15,lost,2nd,New Zealand,Harare,2 Sep 2005
New Zealand,won,6 wickets,11,lost,2nd,India,Harare,6 Sep 2005
Sri Lanka,won,94 runs,,lost,1st,South Africa,Brisbane,17 Jan 2006
South Africa,won,9 runs,,won,1st,Sri Lanka,Adelaide,24 Jan 2006
South Africa,won,5 wickets,29,lost,2nd,Sri Lanka,Perth,31 Jan 2006
Sri Lanka,won,76 runs,,won,1st,South Africa,Hobart,7 Feb 2006
Pakistan,won,6 wickets,9,lost,2nd,India,Abu Dhabi,18 Apr 2006
India,won,51 runs,,won,1st,Pakistan,Abu Dhabi,19 Apr 2006
Zimbabwe,won,143 runs,,won,1st,Canada,Port of Spain,16 May 2006
Bermuda,won,3 wickets,9,won,2nd,Canada,Port of Spain,17 May 2006
Zimbabwe,won,194 runs,,lost,1st,Bermuda,Port of Spain,18 May 2006
Zimbabwe,won,83 runs,,won,1st,Bermuda,Port of Spain,20 May 2006
Australia,won,78 runs,,won,1st,West Indies,Kuala Lumpur,12 Sep 2006
West Indies,won,29 runs,,lost,2nd,India,Kuala Lumpur,14 Sep 2006
West Indies,won,3 wickets,16,lost,2nd,Australia,Kuala Lumpur,18 Sep 2006
India,won,16 runs,,won,1st,West Indies,Kuala Lumpur,20 Sep 2006
Australia,won,18 runs,,won,1st,India,Kuala Lumpur,22 Sep 2006
Australia,won,127 runs,,won,1st,West Indies,Kuala Lumpur,24 Sep 2006
Sri Lanka,won,37 runs,,lost,1st,Bangladesh,Mohali,7 Oct 2006
West Indies,won,9 wickets,214,lost,2nd,Zimbabwe,Ahmedabad,8 Oct 2006
Sri Lanka,won,144 runs,,won,1st,Zimbabwe,Ahmedabad,10 Oct 2006
West Indies,won,10 wickets,80,lost,2nd,Bangladesh,Jaipur,11 Oct 2006
Bangladesh,won,101 runs,,lost,1st,Zimbabwe,Jaipur,13 Oct 2006
Sri Lanka,won,9 wickets,220,lost,2nd,West Indies,Brabourne,14 Oct 2006
New Zealand,won,87 runs,,lost,1st,South Africa,Brabourne,16 Oct 2006
Pakistan,won,4 wickets,11,lost,2nd,Sri Lanka,Jaipur,17 Oct 2006
West Indies,won,10 runs,,won,1st,Australia,Brabourne,18 Oct 2006
Sri Lanka,won,7 wickets,84,lost,2nd,New Zealand,Brabourne,20 Oct 2006
Australia,won,6 wickets,79,won,2nd,England,Jaipur,21 Oct 2006
South Africa,won,78 runs,,lost,1st,Sri Lanka,Ahmedabad,24 Oct 2006
New Zealand,won,51 runs,,lost,1st,Pakistan,Mohali,25 Oct 2006
South Africa,won,124 runs,,won,1st,Pakistan,Mohali,27 Oct 2006
England,won,3 wickets,9,lost,2nd,West Indies,Ahmedabad,28 Oct 2006
Australia,won,34 runs,,lost,1st,New Zealand,Mohali,1 Nov 2006
West Indies,won,6 wickets,36,lost,2nd,South Africa,Jaipur,2 Nov 2006
Australia,won,8 wickets,41,lost,2nd,West Indies,Brabourne,5 Nov 2006
Netherlands,won,17 runs,,lost,1st,Canada,Potchefstroom,26 Nov 2006
Canada,won,5 wickets,13,won,2nd,Bermuda,Potchefstroom,27 Nov 2006
Netherlands,won,8 wickets,73,lost,2nd,Bermuda,Potchefstroom,28 Nov 2006
Canada,won,3 wickets,62,won,2nd,Bermuda,Benoni,30 Nov 2006
Netherlands,won,1 wickets,2,won,2nd,Canada,Benoni,1 Dec 2006
Bermuda,won,6 wickets,198,lost,2nd,Netherlands,Benoni,2 Dec 2006
England,won,3 wickets,1,lost,2nd,New Zealand,Hobart,16 Jan 2007
Scotland,won,2 wickets,1,lost,2nd,Canada,Mombasa,18 Jan 2007
New Zealand,won,90 runs,,won,1st,England,Adelaide,23 Jan 2007
Scotland,won,2 wickets,16,lost,2nd,Canada,Mombasa,23 Jan 2007
New Zealand,won,58 runs,,won,1st,England,Perth,30 Jan 2007
Netherlands,won,8 wickets,90,lost,2nd,Canada,Nairobi (Ruaraka),30 Jan 2007
Scotland,won,3 wickets,0,lost,2nd,Ireland,Nairobi (Gym),30 Jan 2007
Ireland,won,4 wickets,8,won,2nd,Bermuda,Nairobi (Jaff),31 Jan 2007
Scotland,won,7 runs,,lost,1st,Canada,Nairobi (Ruaraka),31 Jan 2007
Canada,won,56 runs,,lost,1st,Bermuda,Nairobi (Gym),2 Feb 2007
Scotland,won,2 runs,,lost,1st,Netherlands,Nairobi (Jaff),2 Feb 2007
Netherlands,won,8 wickets,41,won,2nd,Bermuda,Nairobi (Ruaraka),4 Feb 2007
Canada,won,6 wickets,2,won,2nd,Ireland,Nairobi (Jaff),4 Feb 2007
Bermuda,won,5 wickets,6,lost,2nd,Scotland,Nairobi (Ruaraka),5 Feb 2007
Netherlands,won,6 runs,,lost,1st,Ireland,Nairobi (Gym),5 Feb 2007
England,won,14 runs,,won,1st,New Zealand,Brisbane,6 Feb 2007
Bangladesh,won,8 wickets,75,lost,2nd,Bermuda,St John's,25 Feb 2007
Canada,won,3 wickets,36,lost,2nd,Bermuda,St John's,26 Feb 2007
Bangladesh,won,13 runs,,lost,1st,Canada,St John's,28 Feb 2007
Australia,won,203 runs,,lost,1st,Scotland,Basseterre,14 Mar 2007
Kenya,won,7 wickets,40,won,2nd,Canada,Gros Islet,14 Mar 2007
Sri Lanka,won,243 runs,,won,1st,Bermuda,Port of Spain,15 Mar 2007
Ireland,tied,-,,lost,1st,Zimbabwe,Kingston,15 Mar 2007
Zimbabwe,tied,-,,won,2nd,Ireland,Kingston,15 Mar 2007
New Zealand,won,6 wickets,54,won,2nd,England,Gros Islet,16 Mar 2007
South Africa,won,221 runs,,lost,1st,Netherlands,Basseterre,16 Mar 2007
Bangladesh,won,5 wickets,9,lost,2nd,India,Port of Spain,17 Mar 2007
Ireland,won,3 wickets,32,won,2nd,Pakistan,Kingston,17 Mar 2007
Australia,won,229 runs,,won,1st,Netherlands,Basseterre,18 Mar 2007
England,won,51 runs,,lost,1st,Canada,Gros Islet,18 Mar 2007
India,won,257 runs,,lost,1st,Bermuda,Port of Spain,19 Mar 2007
New Zealand,won,148 runs,,lost,1st,Kenya,Gros Islet,20 Mar 2007
South Africa,won,7 wickets,160,won,2nd,Scotland,Basseterre,20 Mar 2007
Sri Lanka,won,198 runs,,lost,1st,Bangladesh,Port of Spain,21 Mar 2007
Pakistan,won,93 runs,,lost,1st,Zimbabwe,Kingston,21 Mar 2007
New Zealand,won,114 runs,,lost,1st,Canada,Gros Islet,22 Mar 2007
Netherlands,won,8 wickets,157,won,2nd,Scotland,Basseterre,22 Mar 2007
Sri Lanka,won,69 runs,,lost,1st,India,Port of Spain,23 Mar 2007
Australia,won,83 runs,,lost,1st,South Africa,Basseterre,24 Mar 2007
England,won,7 wickets,60,lost,2nd,Kenya,Gros Islet,24 Mar 2007
Bangladesh,won,7 wickets,21,won,2nd,Bermuda,Port of Spain,25 Mar 2007
South Africa,won,1 wickets,10,lost,2nd,Sri Lanka,Providence,28 Mar 2007
England,won,48 runs,,won,1st,Ireland,Providence,30 Mar 2007
Australia,won,10 wickets,49,won,2nd,Bangladesh,North Sound,31 Mar 2007
New Zealand,won,9 wickets,124,won,2nd,Bangladesh,North Sound,2 Apr 2007
South Africa,won,7 wickets,21,won,2nd,Ireland,Providence,3 Apr 2007
Sri Lanka,won,2 runs,,lost,1st,England,North Sound,4 Apr 2007
Bangladesh,won,67 runs,,lost,1st,South Africa,Providence,7 Apr 2007
Australia,won,7 wickets,16,lost,2nd,England,North Sound,8 Apr 2007
New Zealand,won,129 runs,,won,1st,Ireland,Providence,9 Apr 2007
England,won,4 wickets,31,won,2nd,Bangladesh,Bridgetown,11 Apr 2007
Sri Lanka,won,6 wickets,29,lost,2nd,New Zealand,St George's,12 Apr 2007
Australia,won,9 wickets,226,won,2nd,Ireland,Bridgetown,13 Apr 2007
New Zealand,won,5 wickets,10,won,2nd,South Africa,St George's,14 Apr 2007
Ireland,won,74 runs,,won,1st,Bangladesh,Bridgetown,15 Apr 2007
Australia,won,7 wickets,44,lost,2nd,Sri Lanka,St George's,16 Apr 2007
South Africa,won,9 wickets,184,lost,2nd,England,Bridgetown,17 Apr 2007
Sri Lanka,won,8 wickets,240,won,2nd,Ireland,St George's,18 Apr 2007
Australia,won,215 runs,,won,1st,New Zealand,St George's,20 Apr 2007
Sri Lanka,won,81 runs,,won,1st,New Zealand,Kingston,24 Apr 2007
Australia,won,7 wickets,111,lost,2nd,South Africa,Gros Islet,25 Apr 2007
Australia,won,53 runs,,won,1st,Sri Lanka,Bridgetown,28 Apr 2007
Pakistan,won,5 wickets,48,lost,2nd,Sri Lanka,Abu Dhabi,18 May 2007
Pakistan,won,98 runs,,won,1st,Sri Lanka,Abu Dhabi,20 May 2007
Sri Lanka,won,115 runs,,won,1st,Pakistan,Abu Dhabi,22 May 2007
Asia XI,won,34 runs,,won,1st,Africa XI,Bengaluru,6 Jun 2007
Asia XI,won,31 runs,,won,1st,Africa XI,Chennai,9 Jun 2007
Asia XI,won,13 runs,,won,1st,Africa XI,Chennai,10 Jun 2007
South Africa,won,4 wickets,3,won,2nd,India,Belfast,26 Jun 2007
India,won,6 wickets,5,won,2nd,South Africa,Belfast,29 Jun 2007
India,won,6 wickets,4,won,2nd,South Africa,Belfast,1 Jul 2007
West Indies,won,10 wickets,213,lost,2nd,Netherlands,Dublin,10 Jul 2007
West Indies,won,4 wickets,1,won,2nd,Scotland,Dublin,12 Jul 2007
Sri Lanka,won,8 wickets,12,won,2nd,India,Canberra,12 Feb 2008
India,won,2 wickets,5,lost,2nd,Sri Lanka,Adelaide,19 Feb 2008
India,won,7 wickets,106,won,2nd,Sri Lanka,Hobart,26 Feb 2008
India,won,140 runs,,won,1st,Pakistan,Mirpur,10 Jun 2008
Pakistan,won,25 runs,,won,1st,India,Mirpur,14 Jun 2008
Bangladesh,won,96 runs,,won,1st,U.A.E.,Lahore,24 Jun 2008
Sri Lanka,won,131 runs,,lost,1st,Bangladesh,Lahore,25 Jun 2008
India,won,256 runs,,won,1st,Hong Kong,Karachi,25 Jun 2008
Sri Lanka,won,142 runs,,won,1st,U.A.E.,Lahore,26 Jun 2008
India,won,7 wickets,40,lost,2nd,Bangladesh,Karachi,28 Jun 2008
Sri Lanka,won,158 runs,,won,1st,Bangladesh,Karachi,30 Jun 2008
New Zealand,won,290 runs,,lost,1st,Ireland,Aberdeen,1 Jul 2008
India,won,6 wickets,19,lost,2nd,Sri Lanka,Karachi,3 Jul 2008
Sri Lanka,won,100 runs,,lost,1st,India,Karachi,6 Jul 2008
Scotland,won,6 wickets,166,lost,2nd,Netherlands,Dublin,29 Jul 2008
West Indies,won,6 wickets,109,won,2nd,Bermuda,King City (NW),20 Aug 2008
Zimbabwe,won,156 runs,,won,1st,Ireland,Nairobi (Gym),17 Oct 2008
Pakistan,won,4 wickets,1,lost,2nd,West Indies,Abu Dhabi,12 Nov 2008
Pakistan,won,24 runs,,won,1st,West Indies,Abu Dhabi,14 Nov 2008
Pakistan,won,31 runs,,won,1st,West Indies,Abu Dhabi,16 Nov 2008
Sri Lanka,won,130 runs,,lost,1st,Zimbabwe,Mirpur,12 Jan 2009
Ireland,won,7 wickets,74,won,2nd,Scotland,Benoni,1 Apr 2009
Netherlands,won,7 wickets,22,lost,2nd,Kenya,Potchefstroom,1 Apr 2009
Kenya,won,7 wickets,30,won,2nd,Bermuda,Potchefstroom,6 Apr 2009
Ireland,won,6 wickets,54,won,2nd,Canada,Benoni,6 Apr 2009
Netherlands,won,63 runs,,lost,1st,Bermuda,Potchefstroom,8 Apr 2009
Canada,won,148 runs,,lost,1st,Scotland,Benoni,8 Apr 2009
Afghanistan,won,89 runs,,won,1st,Scotland,Benoni,19 Apr 2009
Ireland,won,9 wickets,45,won,2nd,Canada,Centurion,19 Apr 2009
Netherlands,won,6 wickets,107,won,2nd,Kenya,Potchefstroom,19 Apr 2009
Pakistan,won,4 wickets,35,lost,2nd,Australia,Dubai (DSC),22 Apr 2009
Australia,won,6 wickets,29,lost,2nd,Pakistan,Dubai (DSC),24 Apr 2009
Australia,won,27 runs,,won,1st,Pakistan,Abu Dhabi,27 Apr 2009
Australia,won,8 wickets,34,lost,2nd,Pakistan,Abu Dhabi,1 May 2009
Pakistan,won,7 wickets,18,lost,2nd,Australia,Abu Dhabi,3 May 2009
India,won,6 wickets,57,lost,2nd,New Zealand,Colombo (RPS),11 Sep 2009
Pakistan,won,5 wickets,117,lost,2nd,West Indies,Johannesburg,23 Sep 2009
England,won,6 wickets,30,won,2nd,Sri Lanka,Johannesburg,25 Sep 2009
Australia,won,50 runs,,lost,1st,West Indies,Johannesburg,26 Sep 2009
Pakistan,won,54 runs,,won,1st,India,Centurion,26 Sep 2009
New Zealand,won,38 runs,,lost,1st,Sri Lanka,Johannesburg,27 Sep 2009
New Zealand,won,4 wickets,137,won,2nd,England,Johannesburg,29 Sep 2009
Australia,won,2 wickets,0,won,2nd,Pakistan,Centurion,30 Sep 2009
India,won,7 wickets,107,won,2nd,West Indies,Johannesburg,30 Sep 2009
Australia,won,9 wickets,49,lost,2nd,England,Centurion,2 Oct 2009
New Zealand,won,5 wickets,13,lost,2nd,Pakistan,Johannesburg,3 Oct 2009
Australia,won,6 wickets,28,lost,2nd,New Zealand,Centurion,5 Oct 2009
Pakistan,won,138 runs,,won,1st,New Zealand,Abu Dhabi,3 Nov 2009
New Zealand,won,64 runs,,won,1st,Pakistan,Abu Dhabi,6 Nov 2009
New Zealand,won,7 runs,,won,1st,Pakistan,Abu Dhabi,9 Nov 2009
Sri Lanka,won,5 wickets,12,won,2nd,India,Mirpur,5 Jan 2010
India,won,8 wickets,104,lost,2nd,Sri Lanka,Mirpur,10 Jan 2010
Sri Lanka,won,4 wickets,9,won,2nd,India,Mirpur,13 Jan 2010
Afghanistan,won,1 runs,,lost,1st,Canada,Sharjah,16 Feb 2010
Canada,won,4 wickets,64,won,2nd,Afghanistan,Sharjah,18 Feb 2010
India,won,7 wickets,39,won,2nd,Sri Lanka,Bulawayo,30 May 2010
Sri Lanka,won,6 wickets,10,won,2nd,India,Harare,5 Jun 2010
India,won,6 wickets,116,lost,2nd,Bangladesh,Dambulla,16 Jun 2010
India,won,3 wickets,1,lost,2nd,Pakistan,Dambulla,19 Jun 2010
Pakistan,won,139 runs,,won,1st,Bangladesh,Dambulla,21 Jun 2010
Afghanistan,won,6 wickets,8,lost,2nd,Canada,The Hague,1 Jul 2010
Ireland,won,7 wickets,61,won,2nd,Kenya,Rotterdam,1 Jul 2010
Ireland,won,39 runs,,won,1st,Afghanistan,Rotterdam,3 Jul 2010
Scotland,won,69 runs,,won,1st,Canada,Amstelveen,3 Jul 2010
Afghanistan,won,1 wickets,0,lost,2nd,Kenya,Amstelveen,5 Jul 2010
Ireland,won,5 wickets,94,won,2nd,Scotland,The Hague,5 Jul 2010
Ireland,won,5 wickets,65,lost,2nd,Canada,Amstelveen,7 Jul 2010
Scotland,won,6 runs,,won,1st,Kenya,Rotterdam,7 Jul 2010
Scotland,won,2 wickets,37,lost,2nd,Afghanistan,Rotterdam,9 Jul 2010
Canada,won,6 wickets,85,won,2nd,Kenya,Schiedam,9 Jul 2010
Canada,won,3 wickets,4,won,2nd,Kenya,Schiedam,10 Jul 2010
Ireland,won,6 wickets,31,won,2nd,Scotland,Amstelveen,10 Jul 2010
Netherlands,won,6 wickets,7,won,2nd,Bangladesh,Glasgow,20 Jul 2010
New Zealand,won,200 runs,,won,1st,India,Dambulla,10 Aug 2010
India,won,105 runs,,won,1st,New Zealand,Dambulla,25 Aug 2010
South Africa,won,8 wickets,63,lost,2nd,Pakistan,Abu Dhabi,29 Oct 2010
Pakistan,won,1 wickets,1,lost,2nd,South Africa,Abu Dhabi,31 Oct 2010
South Africa,won,2 runs,,lost,1st,Pakistan,Dubai (DSC),2 Nov 2010
Pakistan,won,1 wickets,1,lost,2nd,South Africa,Dubai (DSC),5 Nov 2010
South Africa,won,57 runs,,won,1st,Pakistan,Dubai (DSC),8 Nov 2010
New Zealand,won,10 wickets,252,lost,2nd,Kenya,Chennai,20 Feb 2011
Australia,won,91 runs,,won,1st,Zimbabwe,Ahmedabad,21 Feb 2011
England,won,6 wickets,8,lost,2nd,Netherlands,Nagpur,22 Feb 2011
Pakistan,won,205 runs,,won,1st,Kenya,Hambantota,23 Feb 2011
South Africa,won,7 wickets,43,won,2nd,West Indies,Delhi,24 Feb 2011
Australia,won,7 wickets,96,won,2nd,New Zealand,Nagpur,25 Feb 2011
Zimbabwe,won,175 runs,,won,1st,Canada,Nagpur,28 Feb 2011
West Indies,won,215 runs,,lost,1st,Netherlands,Delhi,28 Feb 2011
Ireland,won,3 wickets,5,lost,2nd,England,Bengaluru,2 Mar 2011
South Africa,won,231 runs,,lost,1st,Netherlands,Mohali,3 Mar 2011
Pakistan,won,46 runs,,won,1st,Canada,Colombo (RPS),3 Mar 2011
New Zealand,won,10 wickets,99,lost,2nd,Zimbabwe,Ahmedabad,4 Mar 2011
England,won,6 runs,,won,1st,South Africa,Chennai,6 Mar 2011
Canada,won,5 wickets,27,lost,2nd,Kenya,Delhi,7 Mar 2011
New Zealand,won,110 runs,,won,1st,Pakistan,Pallekele,8 Mar 2011
West Indies,won,44 runs,,lost,1st,Ireland,Mohali,11 Mar 2011
New Zealand,won,97 runs,,lost,1st,Canada,Wankhede,13 Mar 2011
Australia,won,60 runs,,won,1st,Kenya,Bengaluru,13 Mar 2011
Pakistan,won,7 wickets,23,lost,2nd,Zimbabwe,Pallekele,14 Mar 2011
South Africa,won,131 runs,,lost,1st,Ireland,Kolkata,15 Mar 2011
Australia,won,7 wickets,91,lost,2nd,Canada,Bengaluru,16 Mar 2011
England,won,18 runs,,won,1st,West Indies,Chennai,17 Mar 2011
Ireland,won,6 wickets,14,won,2nd,Netherlands,Kolkata,18 Mar 2011
Sri Lanka,won,112 runs,,won,1st,New Zealand,Wankhede,18 Mar 2011
Pakistan,won,4 wickets,54,lost,2nd,Australia,Colombo (RPS),19 Mar 2011
Zimbabwe,won,161 runs,,won,1st,Kenya,Kolkata,20 Mar 2011
Pakistan,won,10 wickets,175,lost,2nd,West Indies,Mirpur,23 Mar 2011
New Zealand,won,49 runs,,won,1st,South Africa,Mirpur,25 Mar 2011
Pakistan,won,8 wickets,169,lost,2nd,Sri Lanka,Dubai (DSC),11 Nov 2011
Sri Lanka,won,25 runs,,won,1st,Pakistan,Dubai (DSC),14 Nov 2011
Pakistan,won,21 runs,,won,1st,Sri Lanka,Dubai (DSC),18 Nov 2011
Pakistan,won,26 runs,,won,1st,Sri Lanka,Sharjah,20 Nov 2011
Pakistan,won,3 wickets,16,lost,2nd,Sri Lanka,Abu Dhabi,23 Nov 2011
India,won,4 wickets,20,lost,2nd,Sri Lanka,Perth,8 Feb 2012
Pakistan,won,7 wickets,77,lost,2nd,Afghanistan,Sharjah,10 Feb 2012
England,won,130 runs,,won,1st,Pakistan,Abu Dhabi,13 Feb 2012
India,tied,-,,lost,2nd,Sri Lanka,Adelaide,14 Feb 2012
Sri Lanka,tied,-,,won,1st,India,Adelaide,14 Feb 2012
England,won,20 runs,,won,1st,Pakistan,Abu Dhabi,15 Feb 2012
England,won,9 wickets,76,lost,2nd,Pakistan,Dubai (DSC),18 Feb 2012
Sri Lanka,won,51 runs,,won,1st,India,Brisbane,21 Feb 2012
England,won,4 wickets,4,lost,2nd,Pakistan,Dubai (DSC),21 Feb 2012
India,won,7 wickets,80,won,2nd,Sri Lanka,Hobart,28 Feb 2012
India,won,50 runs,,lost,1st,Sri Lanka,Mirpur,13 Mar 2012
Pakistan,won,6 wickets,61,lost,2nd,Sri Lanka,Mirpur,15 Mar 2012
India,won,6 wickets,13,lost,2nd,Pakistan,Mirpur,18 Mar 2012
Netherlands,won,9 wickets,142,lost,2nd,Afghanistan,Sharjah,29 Mar 2012
Afghanistan,won,5 wickets,22,won,2nd,Netherlands,Sharjah,31 Mar 2012
Australia,won,66 runs,,won,1st,Afghanistan,Sharjah,25 Aug 2012
Australia,won,4 wickets,10,lost,2nd,Pakistan,Sharjah,28 Aug 2012
Pakistan,won,7 wickets,38,lost,2nd,Australia,Abu Dhabi,31 Aug 2012
Australia,won,3 wickets,18,won,2nd,Pakistan,Sharjah,3 Sep 2012
Afghanistan,won,7 wickets,97,lost,2nd,Scotland,Sharjah,6 Mar 2013
Afghanistan,won,5 wickets,8,won,2nd,Scotland,Sharjah,8 Mar 2013
Kenya,won,6 wickets,14,lost,2nd,Canada,ICCA Dubai,11 Mar 2013
Kenya,won,6 wickets,12,lost,2nd,Canada,ICCA Dubai,13 Mar 2013
India,won,26 runs,,lost,1st,South Africa,Cardiff,6 Jun 2013
West Indies,won,2 wickets,56,won,2nd,Pakistan,The Oval,7 Jun 2013
New Zealand,won,1 wickets,81,lost,2nd,Sri Lanka,Cardiff,9 Jun 2013
South Africa,won,67 runs,,won,1st,Pakistan,Birmingham,10 Jun 2013
India,won,8 wickets,65,won,2nd,West Indies,The Oval,11 Jun 2013
South Africa,tied,-,,lost,1st,West Indies,Cardiff,14 Jun 2013
West Indies,tied,-,,won,2nd,South Africa,Cardiff,14 Jun 2013
India,won,8 wickets,17,won,2nd,Pakistan,Birmingham,15 Jun 2013
Sri Lanka,won,20 runs,,lost,1st,Australia,The Oval,17 Jun 2013
India,won,8 wickets,90,won,2nd,Sri Lanka,Cardiff,20 Jun 2013
Sri Lanka,won,161 runs,,lost,1st,India,Kingston,2 Jul 2013
India,won,81 runs,,lost,1st,Sri Lanka,Port of Spain,9 Jul 2013
India,won,1 wickets,2,won,2nd,Sri Lanka,Port of Spain,11 Jul 2013
Afghanistan,won,8 wickets,193,lost,2nd,Kenya,Sharjah,2 Oct 2013
Afghanistan,won,7 wickets,175,won,2nd,Kenya,Sharjah,4 Oct 2013
South Africa,won,1 runs,,won,1st,Pakistan,Sharjah,30 Oct 2013
Pakistan,won,66 runs,,won,1st,South Africa,Dubai (DSC),1 Nov 2013
South Africa,won,68 runs,,won,1st,Pakistan,Abu Dhabi,6 Nov 2013
South Africa,won,28 runs,,won,1st,Pakistan,Abu Dhabi,8 Nov 2013
South Africa,won,117 runs,,won,1st,Pakistan,Sharjah,11 Nov 2013
Pakistan,won,11 runs,,won,1st,Sri Lanka,Sharjah,18 Dec 2013
Sri Lanka,won,2 wickets,2,won,2nd,Pakistan,Dubai (DSC),20 Dec 2013
Pakistan,won,113 runs,,lost,1st,Sri Lanka,Sharjah,22 Dec 2013
Pakistan,won,8 wickets,53,lost,2nd,Sri Lanka,Abu Dhabi,25 Dec 2013
Sri Lanka,won,2 wickets,2,lost,2nd,Pakistan,Abu Dhabi,27 Dec 2013
Scotland,won,170 runs,,lost,1st,Canada,Christchurch,23 Jan 2014
Kenya,won,4 wickets,86,won,2nd,Netherlands,Lincoln,23 Jan 2014
Netherlands,won,8 wickets,80,lost,2nd,Canada,Mount Maunganui,28 Jan 2014
Scotland,won,3 wickets,3,lost,2nd,Kenya,Christchurch,30 Jan 2014
Scotland,won,41 runs,,won,1st,U.A.E.,Lincoln,1 Feb 2014
Sri Lanka,won,12 runs,,won,1st,Pakistan,Fatullah,25 Feb 2014
Pakistan,won,72 runs,,lost,1st,Afghanistan,Fatullah,27 Feb 2014
Sri Lanka,won,2 wickets,4,won,2nd,India,Fatullah,28 Feb 2014
Pakistan,won,1 wickets,2,won,2nd,India,Mirpur,2 Mar 2014
Sri Lanka,won,129 runs,,won,1st,Afghanistan,Mirpur,3 Mar 2014
India,won,8 wickets,106,won,2nd,Afghanistan,Mirpur,5 Mar 2014
Sri Lanka,won,5 wickets,22,lost,2nd,Pakistan,Mirpur,8 Mar 2014
Afghanistan,won,6 wickets,41,won,2nd,Hong Kong,Kuala Lumpur,1 May 2014
Afghanistan,won,70 runs,,lost,1st,U.A.E.,Kuala Lumpur,2 May 2014
U.A.E.,won,2 wickets,9,won,2nd,Hong Kong,Kuala Lumpur,4 May 2014
South Africa,won,7 wickets,20,won,2nd,Australia,Harare,27 Aug 2014
Australia,won,62 runs,,lost,1st,South Africa,Harare,2 Sep 2014
South Africa,won,6 wickets,55,won,2nd,Australia,Harare,6 Sep 2014
Australia,won,93 runs,,won,1st,Pakistan,Sharjah,7 Oct 2014
Australia,won,5 wickets,40,lost,2nd,Pakistan,Dubai (DSC),10 Oct 2014
Australia,won,1 runs,,won,1st,Pakistan,Abu Dhabi,12 Oct 2014
P.N.G.,won,4 wickets,66,lost,2nd,Hong Kong,Townsville,8 Nov 2014
P.N.G.,won,3 wickets,4,lost,2nd,Hong Kong,Townsville,9 Nov 2014
Pakistan,won,3 wickets,3,won,2nd,New Zealand,Dubai (DSC),8 Dec 2014
New Zealand,won,4 wickets,24,lost,2nd,Pakistan,Sharjah,12 Dec 2014
Pakistan,won,147 runs,,won,1st,New Zealand,Sharjah,14 Dec 2014
New Zealand,won,7 runs,,won,1st,Pakistan,Abu Dhabi,17 Dec 2014
New Zealand,won,68 runs,,won,1st,Pakistan,Abu Dhabi,19 Dec 2014
Afghanistan,won,8 wickets,42,won,2nd,Scotland,ICCA Dubai,8 Jan 2015
Ireland,won,3 wickets,40,won,2nd,Afghanistan,Dubai (DSC),10 Jan 2015
Ireland,won,3 wickets,21,won,2nd,Scotland,Dubai (DSC),12 Jan 2015
Scotland,won,150 runs,,won,1st,Afghanistan,Abu Dhabi,14 Jan 2015
Afghanistan,won,71 runs,,lost,1st,Ireland,Dubai (DSC),17 Jan 2015
England,won,9 wickets,135,lost,2nd,India,Brisbane,20 Jan 2015
England,won,3 wickets,19,won,2nd,India,Perth,30 Jan 2015
South Africa,won,62 runs,,lost,1st,Zimbabwe,Hamilton,15 Feb 2015
India,won,76 runs,,won,1st,Pakistan,Adelaide,15 Feb 2015
Ireland,won,4 wickets,25,won,2nd,West Indies,Nelson,16 Feb 2015
Bangladesh,won,105 runs,,won,1st,Afghanistan,Canberra,18 Feb 2015
Zimbabwe,won,4 wickets,12,won,2nd,U.A.E.,Nelson,19 Feb 2015
West Indies,won,150 runs,,lost,1st,Pakistan,Christchurch,21 Feb 2015
Sri Lanka,won,4 wickets,10,won,2nd,Afghanistan,Dunedin,22 Feb 2015
India,won,130 runs,,won,1st,South Africa,Melbourne,22 Feb 2015
England,won,119 runs,,lost,1st,Scotland,Christchurch,23 Feb 2015
West Indies,won,73 runs,,won,1st,Zimbabwe,Canberra,24 Feb 2015
Ireland,won,2 wickets,4,won,2nd,U.A.E.,Brisbane,25 Feb 2015
Afghanistan,won,1 wickets,3,won,2nd,Scotland,Dunedin,26 Feb 2015
Sri Lanka,won,92 runs,,won,1st,Bangladesh,Melbourne,26 Feb 2015
South Africa,won,257 runs,,won,1st,West Indies,Sydney,27 Feb 2015
India,won,9 wickets,187,lost,2nd,U.A.E.,Perth,28 Feb 2015
Sri Lanka,won,9 wickets,16,lost,2nd,England,Wellington,1 Mar 2015
Pakistan,won,20 runs,,won,1st,Zimbabwe,Brisbane,1 Mar 2015
South Africa,won,201 runs,,won,1st,Ireland,Canberra,3 Mar 2015
Pakistan,won,129 runs,,lost,1st,U.A.E.,Napier,4 Mar 2015
Bangladesh,won,6 wickets,11,won,2nd,Scotland,Nelson,5 Mar 2015
India,won,4 wickets,65,lost,2nd,West Indies,Perth,6 Mar 2015
Pakistan,won,29 runs,,lost,1st,South Africa,Auckland,7 Mar 2015
Ireland,won,5 runs,,lost,1st,Zimbabwe,Hobart,7 Mar 2015
Bangladesh,won,15 runs,,lost,1st,England,Adelaide,9 Mar 2015
India,won,8 wickets,79,lost,2nd,Ireland,Hamilton,10 Mar 2015
Sri Lanka,won,148 runs,,won,1st,Scotland,Hobart,11 Mar 2015
South Africa,won,146 runs,,lost,1st,U.A.E.,Wellington,12 Mar 2015
England,won,9 wickets,41,won,2nd,Afghanistan,Sydney,13 Mar 2015
India,won,6 wickets,8,won,2nd,Zimbabwe,Auckland,14 Mar 2015
West Indies,won,6 wickets,117,won,2nd,U.A.E.,Napier,15 Mar 2015
Pakistan,won,7 wickets,23,lost,2nd,Ireland,Adelaide,15 Mar 2015
South Africa,won,9 wickets,192,lost,2nd,Sri Lanka,Sydney,18 Mar 2015
India,won,109 runs,,won,1st,Bangladesh,Melbourne,19 Mar 2015
Pakistan,won,6 wickets,38,lost,2nd,England,Abu Dhabi,11 Nov 2015
England,won,95 runs,,won,1st,Pakistan,Abu Dhabi,13 Nov 2015
England,won,6 wickets,54,lost,2nd,Pakistan,Sharjah,17 Nov 2015
England,won,84 runs,,won,1st,Pakistan,Dubai (DSC),20 Nov 2015
Afghanistan,won,49 runs,,won,1st,Zimbabwe,Sharjah,25 Dec 2015
Afghanistan,won,4 wickets,14,lost,2nd,Zimbabwe,Sharjah,29 Dec 2015
Zimbabwe,won,117 runs,,won,1st,Afghanistan,Sharjah,2 Jan 2016
Zimbabwe,won,65 runs,,won,1st,Afghanistan,Sharjah,4 Jan 2016
Afghanistan,won,2 wickets,2,lost,2nd,Zimbabwe,Sharjah,6 Jan 2016
South Africa,won,47 runs,,won,1st,Australia,Providence,7 Jun 2016
Australia,won,36 runs,,won,1st,South Africa,Basseterre,11 Jun 2016
Australia,won,9 wickets,119,lost,2nd,Ireland,Benoni,27 Sep 2016
Pakistan,won,111 runs,,lost,1st,West Indies,Sharjah,30 Sep 2016
Pakistan,won,59 runs,,won,1st,West Indies,Sharjah,2 Oct 2016
Pakistan,won,136 runs,,won,1st,West Indies,Abu Dhabi,5 Oct 2016
West Indies,won,62 runs,,lost,1st,Sri Lanka,Harare,16 Nov 2016
Sri Lanka,won,1 runs,,lost,1st,West Indies,Bulawayo,23 Nov 2016
Hong Kong,won,7 wickets,34,won,2nd,Scotland,Abu Dhabi,22 Jan 2017
Afghanistan,won,30 runs,,won,1st,Ireland,Greater Noida,15 Mar 2017
Afghanistan,won,34 runs,,won,1st,Ireland,Greater Noida,17 Mar 2017
Ireland,won,6 wickets,9,lost,2nd,Afghanistan,Greater Noida,19 Mar 2017
Ireland,won,3 wickets,19,lost,2nd,Afghanistan,Greater Noida,22 Mar 2017
Afghanistan,won,7 wickets,8,lost,2nd,Ireland,Greater Noida,24 Mar 2017
New Zealand,won,4 wickets,15,won,2nd,Bangladesh,Dublin,17 May 2017
Bangladesh,won,5 wickets,10,won,2nd,New Zealand,Dublin,24 May 2017
South Africa,won,96 runs,,lost,1st,Sri Lanka,The Oval,3 Jun 2017
India,won,124 runs,,lost,1st,Pakistan,Birmingham,4 Jun 2017
Pakistan,won,19 runs,,lost,2nd,South Africa,Birmingham,7 Jun 2017
Sri Lanka,won,7 wickets,8,won,2nd,India,The Oval,8 Jun 2017
Bangladesh,won,5 wickets,16,lost,2nd,New Zealand,Cardiff,9 Jun 2017
India,won,8 wickets,72,won,2nd,South Africa,The Oval,11 Jun 2017
Pakistan,won,3 wickets,31,won,2nd,Sri Lanka,Cardiff,12 Jun 2017
India,won,9 wickets,59,won,2nd,Bangladesh,Birmingham,15 Jun 2017
Pakistan,won,180 runs,,lost,1st,India,The Oval,18 Jun 2017
Pakistan,won,83 runs,,lost,1st,Sri Lanka,Dubai (DSC),13 Oct 2017
Pakistan,won,32 runs,,won,1st,Sri Lanka,Abu Dhabi,16 Oct 2017
Pakistan,won,7 wickets,45,lost,2nd,Sri Lanka,Abu Dhabi,18 Oct 2017
Pakistan,won,7 wickets,66,lost,2nd,Sri Lanka,Sharjah,20 Oct 2017
Pakistan,won,9 wickets,178,lost,2nd,Sri Lanka,Sharjah,23 Oct 2017
Scotland,won,6 wickets,71,won,2nd,P.N.G.,Dubai (DSC),24 Nov 2017
Scotland,won,4 wickets,22,won,2nd,P.N.G.,Dubai (DSC),25 Nov 2017
Afghanistan,won,138 runs,,lost,1st,Ireland,Sharjah,5 Dec 2017
Hong Kong,won,23 runs,,lost,1st,P.N.G.,ICCA Dubai,6 Dec 2017
Ireland,won,51 runs,,won,1st,Afghanistan,Sharjah,7 Dec 2017
Hong Kong,won,93 runs,,lost,1st,P.N.G.,ICCA Dubai,8 Dec 2017
Ireland,won,5 wickets,72,lost,2nd,Afghanistan,Sharjah,10 Dec 2017
Ireland,won,6 wickets,91,won,2nd,Scotland,ICCA Dubai,16 Jan 2018
Zimbabwe,won,12 runs,,lost,1st,Sri Lanka,Mirpur,17 Jan 2018
Ireland,won,24 runs,,won,1st,Scotland,ICCA Dubai,18 Jan 2018
Sri Lanka,won,5 wickets,31,lost,2nd,Zimbabwe,Mirpur,21 Jan 2018
Afghanistan,won,154 runs,,won,1st,Zimbabwe,Sharjah,9 Feb 2018
Zimbabwe,won,154 runs,,won,1st,Afghanistan,Sharjah,11 Feb 2018
Afghanistan,won,6 wickets,135,lost,2nd,Zimbabwe,Sharjah,13 Feb 2018
Afghanistan,won,10 wickets,173,lost,2nd,Zimbabwe,Sharjah,16 Feb 2018
Afghanistan,won,146 runs,,won,1st,Zimbabwe,Sharjah,19 Feb 2018
Scotland,won,7 wickets,16,won,2nd,Afghanistan,Bulawayo,4 Mar 2018
U.A.E.,won,56 runs,,lost,1st,P.N.G.,Harare,4 Mar 2018
Scotland,won,4 wickets,159,won,2nd,Hong Kong,Bulawayo,6 Mar 2018
Ireland,won,4 wickets,5,won,2nd,P.N.G.,Harare,6 Mar 2018
West Indies,won,60 runs,,won,1st,U.A.E.,Harare,6 Mar 2018
Hong Kong,won,30 runs,,lost,1st,Afghanistan,Bulawayo,8 Mar 2018
West Indies,won,6 wickets,42,lost,2nd,P.N.G.,Harare,8 Mar 2018
West Indies,won,52 runs,,lost,1st,Ireland,Harare,10 Mar 2018
Ireland,won,226 runs,,lost,1st,U.A.E.,Harare,12 Mar 2018
Afghanistan,won,3 wickets,14,lost,2nd,West Indies,Harare,15 Mar 2018
Scotland,won,73 runs,,won,1st,U.A.E.,Bulawayo,15 Mar 2018
P.N.G.,won,58 runs,,won,1st,Hong Kong,Harare,17 Mar 2018
Ireland,won,25 runs,,lost,1st,Scotland,Harare,18 Mar 2018
Afghanistan,won,5 wickets,93,lost,2nd,U.A.E.,Harare,20 Mar 2018
West Indies,won,5 runs,,lost,1st,Scotland,Harare,21 Mar 2018
Afghanistan,won,5 wickets,5,lost,2nd,Ireland,Harare,23 Mar 2018
Afghanistan,won,7 wickets,56,lost,2nd,West Indies,Harare,25 Mar 2018
U.A.E.,won,78 runs,,lost,1st,Nepal,Kuala Lumpur,30 Aug 2018
Bangladesh,won,137 runs,,won,1st,Sri Lanka,Dubai (DSC),15 Sep 2018
Pakistan,won,8 wickets,158,lost,2nd,Hong Kong,Dubai (DSC),16 Sep 2018
Afghanistan,won,91 runs,,won,1st,Sri Lanka,Abu Dhabi,17 Sep 2018
India,won,26 runs,,lost,1st,Hong Kong,Dubai (DSC),18 Sep 2018
India,won,8 wickets,126,lost,2nd,Pakistan,Dubai (DSC),19 Sep 2018
Afghanistan,won,136 runs,,won,1st,Bangladesh,Abu Dhabi,20 Sep 2018
India,won,7 wickets,82,won,2nd,Bangladesh,Dubai (DSC),21 Sep 2018
Pakistan,won,3 wickets,3,lost,2nd,Afghanistan,Abu Dhabi,21 Sep 2018
India,won,9 wickets,63,lost,2nd,Pakistan,Dubai (DSC),23 Sep 2018
Bangladesh,won,3 runs,,won,1st,Afghanistan,Abu Dhabi,23 Sep 2018
Afghanistan,tied,-,,won,1st,India,Dubai (DSC),25 Sep 2018
India,tied,-,,lost,2nd,Afghanistan,Dubai (DSC),25 Sep 2018
Bangladesh,won,37 runs,,won,1st,Pakistan,Abu Dhabi,26 Sep 2018
India,won,3 wickets,0,won,2nd,Bangladesh,Dubai (DSC),28 Sep 2018
New Zealand,won,47 runs,,won,1st,Pakistan,Abu Dhabi,7 Nov 2018
Pakistan,won,6 wickets,57,lost,2nd,New Zealand,Abu Dhabi,9 Nov 2018
Afghanistan,won,5 wickets,49,lost,2nd,Ireland,Dehradun,28 Feb 2019
Ireland,won,4 wickets,6,lost,2nd,Afghanistan,Dehradun,5 Mar 2019
Afghanistan,won,109 runs,,lost,1st,Ireland,Dehradun,8 Mar 2019
Ireland,won,5 wickets,16,won,2nd,Afghanistan,Dehradun,10 Mar 2019
Australia,won,8 wickets,6,lost,2nd,Pakistan,Sharjah,22 Mar 2019
Australia,won,8 wickets,13,lost,2nd,Pakistan,Sharjah,24 Mar 2019
Australia,won,80 runs,,won,1st,Pakistan,Abu Dhabi,27 Mar 2019
Australia,won,6 runs,,lost,1st,Pakistan,Dubai (DSC),29 Mar 2019
Australia,won,20 runs,,lost,1st,Pakistan,Dubai (DSC),31 Mar 2019
P.N.G.,won,5 wickets,102,won,2nd,U.S.A.,Windhoek,27 Apr 2019
Bangladesh,won,8 wickets,30,lost,2nd,West Indies,Dublin,7 May 2019
Bangladesh,won,5 wickets,16,lost,2nd,West Indies,Dublin (Malahide),13 May 2019
Bangladesh,won,5 wickets,7,won,2nd,West Indies,Dublin (Malahide),17 May 2019
West Indies,won,7 wickets,218,won,2nd,Pakistan,Nottingham,31 May 2019
New Zealand,won,10 wickets,203,won,2nd,Sri Lanka,Cardiff,1 Jun 2019
Australia,won,7 wickets,91,lost,2nd,Afghanistan,Bristol,1 Jun 2019
Bangladesh,won,21 runs,,lost,1st,South Africa,The Oval,2 Jun 2019
Sri Lanka,won,34 runs,,lost,1st,Afghanistan,Cardiff,4 Jun 2019
India,won,6 wickets,15,lost,2nd,South Africa,Southampton,5 Jun 2019
New Zealand,won,2 wickets,17,won,2nd,Bangladesh,The Oval,5 Jun 2019
Australia,won,15 runs,,lost,1st,West Indies,Nottingham,6 Jun 2019
New Zealand,won,7 wickets,107,won,2nd,Afghanistan,Taunton,8 Jun 2019
India,won,36 runs,,won,1st,Australia,The Oval,9 Jun 2019
Australia,won,41 runs,,lost,1st,Pakistan,Taunton,12 Jun 2019
Australia,won,87 runs,,lost,1st,Sri Lanka,The Oval,15 Jun 2019
South Africa,won,9 wickets,116,won,2nd,Afghanistan,Cardiff,15 Jun 2019
India,won,89 runs,,lost,1st,Pakistan,Manchester,16 Jun 2019
Bangladesh,won,7 wickets,51,won,2nd,West Indies,Taunton,17 Jun 2019
New Zealand,won,4 wickets,3,won,2nd,South Africa,Birmingham,19 Jun 2019
Australia,won,48 runs,,won,1st,Bangladesh,Nottingham,20 Jun 2019
India,won,11 runs,,won,1st,Afghanistan,Southampton,22 Jun 2019
New Zealand,won,5 runs,,lost,1st,West Indies,Manchester,22 Jun 2019
Pakistan,won,49 runs,,won,1st,South Africa,Lord's,23 Jun 2019
Bangladesh,won,62 runs,,lost,1st,Afghanistan,Southampton,24 Jun 2019
Pakistan,won,6 wickets,5,lost,2nd,New Zealand,Birmingham,26 Jun 2019
India,won,125 runs,,won,1st,West Indies,Manchester,27 Jun 2019
South Africa,won,9 wickets,76,won,2nd,Sri Lanka,Chester-le-Street,28 Jun 2019
Pakistan,won,3 wickets,2,lost,2nd,Afghanistan,Leeds,29 Jun 2019
Australia,won,86 runs,,won,1st,New Zealand,Lord's,29 Jun 2019
Sri Lanka,won,23 runs,,lost,1st,West Indies,Chester-le-Street,1 Jul 2019
India,won,28 runs,,won,1st,Bangladesh,Birmingham,2 Jul 2019
West Indies,won,23 runs,,won,1st,Afghanistan,Leeds,4 Jul 2019
Pakistan,won,94 runs,,won,1st,Bangladesh,Lord's,5 Jul 2019
India,won,7 wickets,39,lost,2nd,Sri Lanka,Leeds,6 Jul 2019
South Africa,won,10 runs,,won,1st,Australia,Manchester,6 Jul 2019
New Zealand,won,18 runs,,won,1st,India,Manchester,9 Jul 2019
Oman,won,4 wickets,5,won,2nd,P.N.G.,Aberdeen,14 Aug 2019
Oman,won,4 wickets,14,won,2nd,P.N.G.,Aberdeen,21 Aug 2019
Namibia,won,4 wickets,10,lost,2nd,P.N.G.,Lauderhill,22 Sep 2019
Namibia,won,27 runs,,won,1st,P.N.G.,Lauderhill,23 Sep 2019
West Indies,won,7 wickets,21,won,2nd,Afghanistan,Lucknow,6 Nov 2019
West Indies,won,47 runs,,lost,1st,Afghanistan,Lucknow,9 Nov 2019
West Indies,won,5 wickets,8,won,2nd,Afghanistan,Lucknow,11 Nov 2019
U.S.A.,won,35 runs,,won,1st,Scotland,Sharjah,9 Dec 2019
Scotland,won,4 wickets,7,won,2nd,U.S.A.,ICCA Dubai,14 Dec 2019
U.A.E.,won,8 runs,,lost,1st,Namibia,Al Amerat,6 Jan 2020
U.A.E.,won,8 wickets,183,lost,2nd,Namibia,Al Amerat,9 Jan 2020
Oman,won,6 wickets,3,won,2nd,U.S.A.,Kirtipur,6 Feb 2020
Oman,won,92 runs,,lost,1st,U.S.A.,Kirtipur,11 Feb 2020
Afghanistan,won,16 runs,,won,1st,Ireland,Abu Dhabi,21 Jan 2021
Afghanistan,won,7 wickets,28,lost,2nd,Ireland,Abu Dhabi,24 Jan 2021
Afghanistan,won,36 runs,,lost,1st,Ireland,Abu Dhabi,26 Jan 2021
U.S.A.,won,7 wickets,130,lost,2nd,P.N.G.,Al Amerat,6 Sep 2021
Nepal,won,2 wickets,63,lost,2nd,P.N.G.,Al Amerat,7 Sep 2021
U.S.A.,won,134 runs,,lost,1st,P.N.G.,Al Amerat,9 Sep 2021
Nepal,won,151 runs,,won,1st,P.N.G.,Al Amerat,10 Sep 2021
Nepal,won,5 wickets,6,lost,2nd,U.S.A.,Al Amerat,13 Sep 2021
U.S.A.,won,6 wickets,123,won,2nd,Nepal,Al Amerat,17 Sep 2021
Scotland,won,6 wickets,42,won,2nd,P.N.G.,Al Amerat,25 Sep 2021
Scotland,won,4 wickets,7,lost,2nd,P.N.G.,Al Amerat,29 Sep 2021
Afghanistan,won,36 runs,,lost,1st,Netherlands,Doha,21 Jan 2022
Afghanistan,won,48 runs,,won,1st,Netherlands,Doha,23 Jan 2022
Afghanistan,won,75 runs,,won,1st,Netherlands,Doha,25 Jan 2022
Namibia,won,110 runs,,won,1st,Oman,ICCA Dubai,6 Mar 2022
Oman,won,7 wickets,23,lost,2nd,Namibia,Sharjah,11 Mar 2022
Namibia,won,5 wickets,15,lost,2nd,Oman,Dubai (DSC),14 Mar 2022
Nepal,won,2 wickets,4,lost,2nd,P.N.G.,Sharjah,16 Mar 2022
Nepal,won,7 wickets,78,won,2nd,P.N.G.,Dubai (DSC),22 Mar 2022
Scotland,won,162 runs,,lost,1st,P.N.G.,Dubai (DSC),9 Apr 2022
Scotland,won,4 runs,,won,1st,Oman,Dubai (DSC),10 Apr 2022
Oman,won,7 wickets,35,lost,2nd,P.N.G.,Dubai (DSC),12 Apr 2022
Scotland,won,123 runs,,won,1st,P.N.G.,Dubai (DSC),13 Apr 2022
Scotland,won,2 wickets,1,lost,2nd,Oman,Dubai (DSC),15 Apr 2022
Oman,won,85 runs,,won,1st,P.N.G.,Dubai (DSC),16 Apr 2022
